Type,Date,Part of a policing operation,Policing operation,Latitude,Longitude,Gender,Age range,Self-defined ethnicity,Officer-defined ethnicity,Legislation,Object of search,Outcome,Outcome linked to object of search,Removal of more than just outer clothing
Person search,2017-03-31T23:00:00+00:00,,,53.794800,-1.549110,Male,18-24,Black or Black British - African (B2),Black,Police and Criminal Evidence Act 1984 (section 1),Offensive weapons,Nothing found - no further action,True,False
Person search,2017-03-31T23:05:00+00:00,,,53.794800,-1.549110,Male,18-24,Black or Black British - African (B2),Black,Police and Criminal Evidence Act 1984 (section 1),Offensive weapons,Suspect summonsed to court,True,False
Person search,2017-04-01T05:04:00+00:00,,,53.794800,-1.549110,Female,18-24,White - White British (W1),White,Misuse of Drugs Act 1971 (section 23),Controlled drugs,Article found - Detailed outcome unavailable,True,False
Person search,2017-04-01T15:45:00+00:00,,,53.407900,-2.977600,Female,25-34,White - White British (W1),White,Police and Criminal Evidence Act 1984 (section 1),Stolen goods,Nothing found - no further action,True,False
Person search,2017-04-01T18:00:00+00:00,,,53.007900,-2.181050,,,Not Stated (NS),White,Misuse of Drugs Act 1971 (section 23),Controlled drugs,Nothing found - no further action,True,False
Person search,2017-04-01T20:00:00+00:00,,,53.755800,-2.707290,,,White - White British (W1),White,Police and Criminal Evidence Act 1984 (section 1),Stolen goods,Nothing found - no further action,True,False
Person search,2017-04-01T21:20:00+00:00,,,51.378400,-2.359120,Male,18-24,White - Any other White ethnic background (W9),White,Misuse of Drugs Act 1971 (section 23),Controlled drugs,Suspect arrested,True,False
Person search,2017-04-01T22:20:00+00:00,,,50.786500,-3.285010,Male,25-34,Not Stated (NS),White,Misuse of Drugs Act 1971 (section 23),Controlled drugs,Offender given drugs possession warning,True,False
Person search,2017-04-02T04:20:00+00:00,,,53.794800,-1.549110,Female,25-34,Asian or Asian British - Pakistani (A2),Asian,Police and Criminal Evidence Act 1984 (section 1),Stolen goods,Nothing found - no further action,True,False
Person search,2017-04-02T04:20:00+00:00,,,53.794800,-1.549110,Female,25-34,Asian or Asian British - Pakistani (A2),White,Police and Criminal Evidence Act 1984 (section 1),Stolen goods,Nothing found - no further action,True,False
Person search,2017-04-02T04:26:00+00:00,,,53.794800,-1.549110,Female,18-24,Black or Black British - Any other Black ethnic background (B9),Black,Police and Criminal Evidence Act 1984 (section 1),Stolen goods,Nothing found - no further action,True,False
Person search,2017-04-02T16:40:00+00:00,,,51.517000,-0.177458,Male,25-34,White - White British (W1),White,Police and Criminal Evidence Act 1984 (section 1),Stolen goods,Suspect arrested,True,False
Person search,2017-04-02T17:06:00+00:00,,,51.528500,-0.133415,Male,25-34,White - Any other White ethnic background (W9),White,Police and Criminal Evidence Act 1984 (section 1),Stolen goods,Local resolution,True,False
Person search,2017-04-02T18:15:00+00:00,,,51.553000,-0.105784,Male,10-17,White - White British (W1),White,Police and Criminal Evidence Act 1984 (section 1),Stolen goods,Suspect arrested,True,False
Person search,2017-04-02T21:14:00+00:00,,,52.587700,-2.120030,Male,10-17,White - White British (W1),White,Police and Criminal Evidence Act 1984 (section 1),Offensive weapons,Nothing found - no further action,True,False
Person search,2017-04-02T23:00:00+00:00,,,51.528500,-0.133415,Female,over 34,Asian or Asian British - Any other Asian ethnic background (A9),Asian,Police and Criminal Evidence Act 1984 (section 1),Offensive weapons,Nothing found - no further action,True,False
Person search,2017-04-03T14:30:00+00:00,,,51.539500,0.080833,Male,18-24,White - White British (W1),White,Misuse of Drugs Act 1971 (section 23),Controlled drugs,Suspect summonsed to court,True,False
Person search,2017-04-03T23:50:00+00:00,,,51.459100,-0.971711,Female,25-34,White - White British (W1),White,Misuse of Drugs Act 1971 (section 23),Controlled drugs,Nothing found - no further action,True,False
Person search,2017-04-03T23:50:00+00:00,,,51.459100,-0.971711,Female,25-34,White - White British (W1),White,Misuse of Drugs Act 1971 (section 23),Controlled drugs,Nothing found - no further action,True,False
Person search,2017-04-04T14:10:00+00:00,,,51.560300,0.507025,Male,25-34,Black or Black British - African (B2),Black,Misuse of Drugs Act 1971 (section 23),Controlled drugs,Suspect arrested,True,False
Person search,2017-04-04T15:15:00+00:00,,,51.449800,-2.580470,,25-34,Not Stated (NS),White,Misuse of Drugs Act 1971 (section 23),Controlled drugs,Article found - Detailed outcome unavailable,True,False
Person search,2017-04-04T20:15:00+00:00,,,53.476900,-2.230050,Male,10-17,White - White British (W1),White,Police and Criminal Evidence Act 1984 (section 1),Stolen goods,Nothing found - no further action,True,False
Person search,2017-04-04T20:44:00+00:00,,,53.476900,-2.230050,Male,25-34,Black or Black British - Caribbean (B1),Black,Misuse of Drugs Act 1971 (section 23),Controlled drugs,Nothing found - no further action,True,False
Person search,2017-04-05T11:15:00+00:00,,,53.296800,-3.725670,Male,18-24,White - White British (W1),White,Misuse of Drugs Act 1971 (section 23),Controlled drugs,Nothing found - no further action,True,False
Person search,2017-04-05T14:50:00+00:00,,,51.528500,-0.133415,,25-34,Mixed - White and Black Caribbean (M1),Black,Misuse of Drugs Act 1971 (section 23),Controlled drugs,Nothing found - no further action,True,False
Person search,2017-04-05T16:48:00+00:00,,,51.564500,-0.105683,Male,18-24,Not Stated (NS),White,Misuse of Drugs Act 1971 (section 23),Controlled drugs,Nothing found - no further action,True,False
Person search,2017-04-05T17:25:00+00:00,,,51.901700,-0.207094,,10-17,Asian or Asian British - Any other Asian ethnic background (A9),Asian,Police and Criminal Evidence Act 1984 (section 1),Stolen goods,Nothing found - no further action,True,False
Person search,2017-04-05T17:25:00+00:00,,,51.901700,-0.207094,Male,10-17,Black or Black British - Caribbean (B1),Black,Police and Criminal Evidence Act 1984 (section 1),Article for use in theft,Nothing found - no further action,True,False
Person search,2017-04-06T08:40:00+00:00,,,51.449800,-2.580470,Male,25-34,White - White British (W1),White,Misuse of Drugs Act 1971 (section 23),Controlled drugs,Suspect arrested,False,False
Person search,2017-04-06T15:32:00+00:00,,,53.476900,-2.230050,Male,25-34,Asian or Asian British - Indian (A1),Asian,Police and Criminal Evidence Act 1984 (section 1),Offensive weapons,Article found - Detailed outcome unavailable,True,False
Person search,2017-04-06T16:05:00+00:00,,,51.502900,-0.113136,,,White - White British (W1),White,Police and Criminal Evidence Act 1984 (section 1),Stolen goods,Nothing found - no further action,True,False
Person search,2017-04-06T17:00:00+00:00,,,53.378100,-1.462170,Female,over 34,White - White British (W1),White,Misuse of Drugs Act 1971 (section 23),Controlled drugs,Nothing found - no further action,True,False
Person search,2017-04-06T21:00:00+00:00,,,51.518000,-0.178458,Male,over 34,Not Stated (NS),White,Police and Criminal Evidence Act 1984 (section 1),Stolen goods,Suspect arrested,True,False
Person search,2017-04-07T14:30:00+00:00,,,51.541700,-0.003177,Male,18-24,Asian or Asian British - Bangladeshi (A3),Asian,Misuse of Drugs Act 1971 (section 23),Controlled drugs,Suspect arrested,True,False
Person search,2017-04-07T14:39:00+00:00,,,51.489900,0.069699,Male,,Not Stated (NS),White,Misuse of Drugs Act 1971 (section 23),Controlled drugs,Nothing found - no further action,True,False
Person search,2017-04-07T16:15:00+00:00,,,51.489900,0.069699,Male,18-24,Black or Black British - Caribbean (B1),Black,Misuse of Drugs Act 1971 (section 23),Controlled drugs,Nothing found - no further action,True,False
Person search,2017-04-07T16:15:00+00:00,,,51.504400,-0.055928,Male,18-24,Not Stated (NS),Asian,Police and Criminal Evidence Act 1984 (section 1),Offensive weapons,Suspect arrested,True,False
Person search,2017-04-07T16:35:00+00:00,,,51.504400,-0.055928,Male,10-17,Mixed - White and Black Caribbean (M1),Asian,Police and Criminal Evidence Act 1984 (section 1),Offensive weapons,Nothing found - no further action,True,False
Person search,2017-04-07T17:30:00+00:00,,,51.580900,0.021453,Male,,White - White British (W1),White,Police and Criminal Evidence Act 1984 (section 1),Offensive weapons,Nothing found - no further action,True,False
Person search,2017-04-07T17:45:00+00:00,,,51.237000,-0.581051,Male,over 34,Black or Black British - Any other Black ethnic background (B9),Black,Police and Criminal Evidence Act 1984 (section 1),Stolen goods,Nothing found - no further action,True,False
Person search,2017-04-07T22:05:00+00:00,,,51.539400,-0.142761,Male,18-24,White - White British (W1),White,Misuse of Drugs Act 1971 (section 23),Controlled drugs,Offender given drugs possession warning,True,False
Person search,2017-04-08T11:55:00+00:00,,,51.517000,-0.177458,Male,over 34,Black or Black British - Caribbean (B1),Black,Police and Criminal Evidence Act 1984 (section 1),Stolen goods,Nothing found - no further action,True,False
Person search,2017-04-08T12:00:00+00:00,,,51.517000,-0.177458,Male,over 34,Black or Black British - Any other Black ethnic background (B9),Black,Police and Criminal Evidence Act 1984 (section 1),Stolen goods,Nothing found - no further action,True,False
Person search,2017-04-08T17:35:00+00:00,,,50.727100,-1.863950,Male,10-17,White - White British (W1),White,Police and Criminal Evidence Act 1984 (section 1),Stolen goods,Nothing found - no further action,True,False
Person search,2017-04-08T17:35:00+00:00,,,50.727100,-1.863950,Male,10-17,White - White British (W1),White,Police and Criminal Evidence Act 1984 (section 1),Stolen goods,Nothing found - no further action,True,False
Person search,2017-04-08T20:00:00+00:00,,,51.528500,-0.133415,Male,over 34,White - White British (W1),White,Misuse of Drugs Act 1971 (section 23),Controlled drugs,Nothing found - no further action,True,False
Person search,2017-04-08T20:55:00+00:00,,,53.476900,-2.230050,Male,18-24,White - White British (W1),White,Misuse of Drugs Act 1971 (section 23),Controlled drugs,Article found - Detailed outcome unavailable,True,False
Person search,2017-04-08T22:20:00+00:00,,,51.506800,-0.142503,Male,18-24,White - Any other White ethnic background (W9),White,Misuse of Drugs Act 1971 (section 23),Controlled drugs,Article found - Detailed outcome unavailable,True,False
Person search,2017-04-09T02:50:00+00:00,,,51.516300,-0.130977,Male,25-34,White - White British (W1),White,Misuse of Drugs Act 1971 (section 23),Controlled drugs,Offender given drugs possession warning,True,False
Person search,2017-04-09T14:45:00+00:00,,,51.541700,-0.003177,Male,25-34,Not Stated (NS),White,Misuse of Drugs Act 1971 (section 23),Controlled drugs,Suspect summonsed to court,True,False
Person search,2017-04-09T17:05:00+00:00,,,54.968500,-1.616360,Male,over 34,White - White British (W1),White,Police and Criminal Evidence Act 1984 (section 1),Stolen goods,Nothing found - no further action,True,False
Person search,2017-04-09T19:00:00+00:00,,,51.517000,-0.177458,,,White - White British (W1),White,Police and Criminal Evidence Act 1984 (section 1),Stolen goods,Nothing found - no further action,True,False
Person search,2017-04-09T21:20:00+00:00,,,54.048800,-2.807800,Male,18-24,White - White British (W1),White,Police and Criminal Evidence Act 1984 (section 1),Offensive weapons,Nothing found - no further action,True,False
Person and Vehicle search,2017-04-09T23:20:00+00:00,,,51.546340,-0.102950,Male,over 34,Not Stated (NS),Asian,Misuse of Drugs Act 1971 (section 23),Controlled drugs,Nothing found - no further action,True,False
Person and Vehicle search,2017-04-09T23:20:00+00:00,,,51.546340,-0.102950,Male,25-34,Not Stated (NS),Asian,Misuse of Drugs Act 1971 (section 23),Controlled drugs,Nothing found - no further action,True,False
Person and Vehicle search,2017-04-09T23:20:00+00:00,,,51.546340,-0.102950,Male,25-34,Not Stated (NS),Asian,Misuse of Drugs Act 1971 (section 23),Controlled drugs,Nothing found - no further action,True,False
Person search,2017-04-10T01:20:00+00:00,,,51.546340,-0.102950,Male,25-34,Asian or Asian British - Pakistani (A2),Asian,Misuse of Drugs Act 1971 (section 23),Controlled drugs,Nothing found - no further action,True,False
Person search,2017-04-10T11:35:00+00:00,,,51.502900,-0.113136,Male,18-24,Chinese or other ethnic group - Any other ethnic group (O9),White,Misuse of Drugs Act 1971 (section 23),Controlled drugs,Offender given drugs possession warning,True,False
Person search,2017-04-10T19:00:00+00:00,,,51.385200,1.371920,Male,over 34,White - White British (W1),White,Misuse of Drugs Act 1971 (section 23),Controlled drugs,Suspect summonsed to court,True,False
Person search,2017-04-10T19:00:00+00:00,,,51.385200,1.371920,Male,over 34,White - White British (W1),White,Misuse of Drugs Act 1971 (section 23),Controlled drugs,Suspect summonsed to court,True,False
Person search,2017-04-10T20:20:00+00:00,,,51.534400,-0.138886,Male,10-17,White - White British (W1),White,Police and Criminal Evidence Act 1984 (section 1),Offensive weapons,Nothing found - no further action,True,False
Person search,2017-04-10T22:45:00+00:00,,,53.408700,-2.989280,Male,18-24,White - White British (W1),White,Misuse of Drugs Act 1971 (section 23),Controlled drugs,Nothing found - no further action,True,False
Person search,2017-04-11T13:15:00+00:00,,,51.455300,-0.990319,Male,18-24,White - White British (W1),White,Police and Criminal Evidence Act 1984 (section 1),Stolen goods,Suspect summonsed to court,True,False
Person search,2017-04-11T13:15:00+00:00,,,51.459100,-0.971711,Male,18-24,White - White British (W1),White,Police and Criminal Evidence Act 1984 (section 1),Stolen goods,Suspect summonsed to court,True,False
Person search,2017-04-11T13:45:00+00:00,,,51.361300,-0.457665,Male,18-24,White - White British (W1),White,Misuse of Drugs Act 1971 (section 23),Controlled drugs,Nothing found - no further action,True,False
Person search,2017-04-11T14:21:00+00:00,,,51.276700,0.181736,Male,10-17,Not Stated (NS),White,Police and Criminal Evidence Act 1984 (section 1),Stolen goods,Suspect arrested,True,False
Person search,2017-04-11T14:40:00+00:00,,,51.495400,-0.143700,Female,25-34,White - White British (W1),White,Police and Criminal Evidence Act 1984 (section 1),Offensive weapons,Nothing found - no further action,True,False
Person search,2017-04-11T15:25:00+00:00,,,51.459100,-0.971711,Male,over 34,Black or Black British - African (B2),Black,Police and Criminal Evidence Act 1984 (section 1),Stolen goods,Suspect summonsed to court,True,False
Person search,2017-04-11T23:12:00+00:00,,,53.744100,-0.347670,,25-34,White - White British (W1),White,Police and Criminal Evidence Act 1984 (section 1),Offensive weapons,Nothing found - no further action,True,False
Person search,2017-04-11T23:55:00+00:00,,,51.542000,-0.139540,Male,18-24,Not Stated (NS),Asian,Misuse of Drugs Act 1971 (section 23),Controlled drugs,Nothing found - no further action,True,False
Person search,2017-04-12T08:46:00+00:00,,,52.479000,-1.892290,Male,18-24,White - White British (W1),White,Misuse of Drugs Act 1971 (section 23),Controlled drugs,Nothing found - no further action,True,False
Person search,2017-04-12T12:15:00+00:00,,,52.511954,-1.988310,,over 34,Asian or Asian British - Indian (A1),Asian,Police and Criminal Evidence Act 1984 (section 1),Offensive weapons,Nothing found - no further action,True,False
Person search,2017-04-12T13:25:00+00:00,,,51.455300,-0.990319,Male,18-24,White - Any other White ethnic background (W9),Other,Police and Criminal Evidence Act 1984 (section 1),Stolen goods,Nothing found - no further action,True,False
Person search,2017-04-12T15:10:00+00:00,,,51.495400,-0.143700,Male,over 34,White - White British (W1),White,Misuse of Drugs Act 1971 (section 23),Controlled drugs,Nothing found - no further action,True,False
Person search,2017-04-12T18:45:00+00:00,,,51.882300,-0.413893,Male,25-34,White - Any other White ethnic background (W9),White,Misuse of Drugs Act 1971 (section 23),Controlled drugs,Nothing found - no further action,True,False
Person search,2017-04-12T19:40:00+00:00,,,51.465800,-0.014286,,10-17,White - White British (W1),White,Misuse of Drugs Act 1971 (section 23),Controlled drugs,Suspect summonsed to court,True,False
Person search,2017-04-12T19:40:00+00:00,,,51.068300,0.854492,Male,10-17,White - White British (W1),White,Misuse of Drugs Act 1971 (section 23),Controlled drugs,Local resolution,True,False
Person search,2017-04-12T19:50:00+00:00,,,51.068300,0.854492,Male,10-17,White - White British (W1),White,Misuse of Drugs Act 1971 (section 23),Controlled drugs,Nothing found - no further action,True,False
Person search,2017-04-13T10:50:00+00:00,,,53.794800,-1.549110,Male,over 34,White - White British (W1),White,Police and Criminal Evidence Act 1984 (section 1),Stolen goods,Local resolution,True,False
Person search,2017-04-13T13:55:00+00:00,,,51.276700,0.181736,Male,18-24,White - White British (W1),White,Misuse of Drugs Act 1971 (section 23),Controlled drugs,Offender given penalty notice,True,False
Person search,2017-04-13T15:33:00+00:00,,,51.459100,-0.971711,Male,25-34,White - White British (W1),White,Police and Criminal Evidence Act 1984 (section 1),Stolen goods,Suspect summonsed to court,True,False
Person search,2017-04-13T15:33:00+00:00,,,51.459100,-0.971711,Male,25-34,White - White British (W1),White,Police and Criminal Evidence Act 1984 (section 1),Stolen goods,Suspect summonsed to court,True,False
Person search,2017-04-13T17:23:00+00:00,,,,,,over 34,White - White British (W1),White,Misuse of Drugs Act 1971 (section 23),Controlled drugs,Offender given drugs possession warning,True,False
Person search,2017-04-13T18:21:00+00:00,,,51.459100,-0.971711,Male,18-24,White - White British (W1),White,Police and Criminal Evidence Act 1984 (section 1),Stolen goods,Article found - Detailed outcome unavailable,True,False
Person search,2017-04-13T18:21:00+00:00,,,51.459100,-0.971711,Male,18-24,White - White British (W1),White,Police and Criminal Evidence Act 1984 (section 1),Stolen goods,Suspect summonsed to court,True,False
Person search,2017-04-13T20:15:00+00:00,,,51.459100,-0.971711,Male,25-34,Not Stated (NS),Black,Police and Criminal Evidence Act 1984 (section 1),Stolen goods,Suspect summonsed to court,True,False
Person search,2017-04-14T20:20:00+00:00,,,51.495400,-0.143700,Male,over 34,White - White British (W1),White,Misuse of Drugs Act 1971 (section 23),Controlled drugs,Suspect arrested,True,False
Person search,2017-04-15T14:00:00+00:00,,,51.528500,-0.133415,Male,over 34,White - Any other White ethnic background (W9),White,Misuse of Drugs Act 1971 (section 23),Controlled drugs,Nothing found - no further action,True,False
Person search,2017-04-15T14:00:00+00:00,,,51.528500,-0.133415,Male,over 34,Mixed - White and Black Caribbean (M1),Black,Police and Criminal Evidence Act 1984 (section 1),Offensive weapons,Nothing found - no further action,True,False
Person search,2017-04-16T03:20:00+00:00,,,53.794800,-1.549110,,25-34,Mixed - Any other Mixed ethnic background (M9),White,Police and Criminal Evidence Act 1984 (section 1),Stolen goods,Nothing found - no further action,True,False
Person search,2017-04-16T18:10:00+00:00,,,52.947300,-1.145410,Male,18-24,White - White British (W1),White,Misuse of Drugs Act 1971 (section 23),Controlled drugs,Nothing found - no further action,True,False
Person search,2017-04-17T14:22:00+00:00,,,51.900500,0.892427,Male,10-17,White - White British (W1),White,Police and Criminal Evidence Act 1984 (section 1),Offensive weapons,Nothing found - no further action,True,False
Person search,2017-04-18T12:36:00+00:00,,,51.528500,-0.133415,Male,over 34,White - Any other White ethnic background (W9),White,Police and Criminal Evidence Act 1984 (section 1),Stolen goods,Local resolution,True,False
Person search,2017-04-18T12:40:00+00:00,,,51.528500,-0.133415,Female,25-34,White - Any other White ethnic background (W9),White,Police and Criminal Evidence Act 1984 (section 1),Stolen goods,Article found - Detailed outcome unavailable,True,False
Person search,2017-04-19T11:50:00+00:00,,,51.531800,-0.123189,Male,10-17,Not Stated (NS),Black,Misuse of Drugs Act 1971 (section 23),Controlled drugs,Nothing found - no further action,True,False
Person search,2017-04-19T12:06:00+00:00,,,51.531800,-0.123189,,18-24,Mixed - White and Black Caribbean (M1),Black,Police and Criminal Evidence Act 1984 (section 1),Offensive weapons,Nothing found - no further action,True,False
Person search,2017-04-19T13:30:00+00:00,,,51.528500,-0.133415,,over 34,Not Stated (NS),White,Police and Criminal Evidence Act 1984 (section 1),Stolen goods,Nothing found - no further action,True,False
Person search,2017-04-20T00:50:00+00:00,,,51.980300,-0.229147,Male,18-24,White - White British (W1),White,Misuse of Drugs Act 1971 (section 23),Controlled drugs,Nothing found - no further action,True,False
Person search,2017-04-20T01:00:00+00:00,,,51.980300,-0.229147,Male,10-17,White - Any other White ethnic background (W9),White,Misuse of Drugs Act 1971 (section 23),Controlled drugs,Nothing found - no further action,True,False
Person search,2017-04-20T01:15:00+00:00,,,51.980300,-0.229147,Male,18-24,White - White British (W1),White,Misuse of Drugs Act 1971 (section 23),Controlled drugs,Nothing found - no further action,True,False
Person search,2017-04-20T11:30:00+00:00,,,51.459100,-0.971711,Male,10-17,White - White British (W1),White,Misuse of Drugs Act 1971 (section 23),Controlled drugs,Suspect summonsed to court,True,False
Person search,2017-04-20T12:30:00+00:00,,,51.502800,-0.152779,Male,10-17,Mixed - White and Black Caribbean (M1),Black,Misuse of Drugs Act 1971 (section 23),Controlled drugs,Suspect summonsed to court,True,False
Person search,2017-04-20T14:40:00+00:00,,,51.446000,-3.189200,Male,over 34,White - White British (W1),White,Misuse of Drugs Act 1971 (section 23),Controlled drugs,Nothing found - no further action,True,False
Person and Vehicle search,2017-04-20T16:45:00+00:00,,,51.522700,-0.162946,,18-24,Asian or Asian British - Bangladeshi (A3),Asian,Misuse of Drugs Act 1971 (section 23),Controlled drugs,Nothing found - no further action,True,False
Person and Vehicle search,2017-04-20T16:45:00+00:00,,,51.522700,-0.162946,,25-34,Asian or Asian British - Bangladeshi (A3),Asian,Misuse of Drugs Act 1971 (section 23),Controlled drugs,Nothing found - no further action,True,False
Person and Vehicle search,2017-04-20T16:53:00+00:00,,,51.522700,-0.162946,,18-24,Asian or Asian British - Bangladeshi (A3),Asian,Misuse of Drugs Act 1971 (section 23),Controlled drugs,Nothing found - no further action,True,False
Person and Vehicle search,2017-04-20T20:11:00+00:00,,,51.522700,-0.162946,,25-34,Asian or Asian British - Bangladeshi (A3),Asian,Misuse of Drugs Act 1971 (section 23),Controlled drugs,Nothing found - no further action,True,False
Person search,2017-04-21T15:05:00+00:00,,,52.626700,1.306980,Male,over 34,White - White British (W1),White,Police and Criminal Evidence Act 1984 (section 1),Article for use in theft,Nothing found - no further action,True,False
Person search,2017-04-21T21:05:00+00:00,,,51.495400,-0.143700,Male,18-24,Black or Black British - African (B2),Black,Misuse of Drugs Act 1971 (section 23),Controlled drugs,Offender given drugs possession warning,True,False
Person search,2017-04-21T23:25:00+00:00,,,51.565500,-0.135147,Male,18-24,White - White British (W1),White,Police and Criminal Evidence Act 1984 (section 1),Offensive weapons,Suspect arrested,True,False
Person search,2017-04-22T17:10:00+00:00,,,50.907500,-1.414270,,10-17,White - White British (W1),White,Police and Criminal Evidence Act 1984 (section 1),Article for use in theft,Nothing found - no further action,True,False
Person search,2017-04-22T17:15:00+00:00,,,50.907500,-1.414270,Male,10-17,Not Stated (NS),White,Police and Criminal Evidence Act 1984 (section 1),Article for use in theft,Nothing found - no further action,True,False
Person search,2017-04-22T17:20:00+00:00,,,50.853400,-1.192400,Male,,Not Stated (NS),White,Police and Criminal Evidence Act 1984 (section 1),Article for use in theft,Nothing found - no further action,True,False
Person search,2017-04-22T18:55:00+00:00,,,51.272300,-0.721716,Male,25-34,White - White British (W1),White,Misuse of Drugs Act 1971 (section 23),Controlled drugs,Offender given drugs possession warning,True,False
Person search,2017-04-22T19:20:00+00:00,,,53.805000,-2.448520,Male,10-17,Not Stated (NS),White,Misuse of Drugs Act 1971 (section 23),Controlled drugs,Suspect summonsed to court,True,False
Person search,2017-04-22T22:52:00+00:00,,,51.515300,-0.141986,Male,18-24,Black or Black British - African (B2),Black,Police and Criminal Evidence Act 1984 (section 1),Offensive weapons,Nothing found - no further action,True,False
Person search,2017-04-23T00:30:00+00:00,,,51.515300,-0.141986,,,White - White British (W1),White,Police and Criminal Evidence Act 1984 (section 1),Stolen goods,Nothing found - no further action,True,False
Person search,2017-04-23T03:44:00+00:00,,,51.515300,-0.141986,,10-17,Black or Black British - Any other Black ethnic background (B9),Black,Police and Criminal Evidence Act 1984 (section 1),Offensive weapons,Nothing found - no further action,True,False
Person search,2017-04-23T21:30:00+00:00,,,53.404400,-2.979630,Male,18-24,White - White British (W1),White,Misuse of Drugs Act 1971 (section 23),Controlled drugs,Suspect summonsed to court,True,False
Person search,2017-04-23T21:40:00+00:00,,,51.799200,-0.072903,,18-24,White - White British (W1),White,Police and Criminal Evidence Act 1984 (section 1),Article for use in theft,Nothing found - no further action,True,False
Person search,2017-04-23T21:43:00+00:00,,,51.799200,-0.072903,,25-34,White - White British (W1),White,Police and Criminal Evidence Act 1984 (section 1),Article for use in theft,Nothing found - no further action,True,False
Person search,2017-04-23T22:00:00+00:00,,,53.476900,-2.230050,Male,18-24,White - White British (W1),White,Police and Criminal Evidence Act 1984 (section 1),Offensive weapons,Nothing found - no further action,True,False
Person search,2017-04-24T09:30:00+00:00,,,51.392900,-0.157770,Male,10-17,Not Stated (NS),White,Police and Criminal Evidence Act 1984 (section 1),Article for use in theft,Nothing found - no further action,True,False
Person search,2017-04-24T23:09:00+00:00,,,51.532500,-0.126010,,18-24,Chinese or other ethnic group - Any other ethnic group (O9),Mixed,Misuse of Drugs Act 1971 (section 23),Controlled drugs,Nothing found - no further action,True,False
Person search,2017-04-24T23:10:00+00:00,,,51.532500,-0.126010,Male,10-17,Asian or Asian British - Any other Asian ethnic background (A9),Asian,Misuse of Drugs Act 1971 (section 23),Controlled drugs,Nothing found - no further action,True,False
Person search,2017-04-24T23:10:00+00:00,,,51.532500,-0.126010,,18-24,Mixed - White and Asian (M3),Black,Misuse of Drugs Act 1971 (section 23),Controlled drugs,Nothing found - no further action,True,False
Person search,2017-04-25T01:00:00+00:00,,,53.476900,-2.230050,Male,18-24,White - Any other White ethnic background (W9),White,Police and Criminal Evidence Act 1984 (section 1),Stolen goods,Nothing found - no further action,True,False
Person search,2017-04-25T10:45:00+00:00,,,51.706300,-0.437946,Male,18-24,Not Stated (NS),White,Misuse of Drugs Act 1971 (section 23),Controlled drugs,Offender given drugs possession warning,True,False
Person search,2017-04-25T10:45:00+00:00,,,51.706300,-0.437946,Male,18-24,White - White British (W1),White,Misuse of Drugs Act 1971 (section 23),Controlled drugs,Offender given drugs possession warning,True,False
Person search,2017-04-25T14:00:00+00:00,,,51.475600,-3.179590,Female,25-34,White - Any other White ethnic background (W9),White,Misuse of Drugs Act 1971 (section 23),Controlled drugs,Nothing found - no further action,True,False
Person search,2017-04-25T15:25:00+00:00,,,53.744100,-0.347670,Male,25-34,White - White British (W1),White,Misuse of Drugs Act 1971 (section 23),Controlled drugs,Nothing found - no further action,True,False
Person search,2017-04-26T01:35:00+00:00,,,53.476900,-2.230050,Male,over 34,White - White British (W1),White,Misuse of Drugs Act 1971 (section 23),Controlled drugs,Nothing found - no further action,True,False
Person search,2017-04-26T07:20:00+00:00,,,52.378900,-1.249490,Male,18-24,Black or Black British - Caribbean (B1),Black,Police and Criminal Evidence Act 1984 (section 1),Offensive weapons,Nothing found - no further action,True,False
Person search,2017-04-26T07:20:00+00:00,,,52.378900,-1.249490,Male,18-24,Black or Black British - African (B2),Black,Police and Criminal Evidence Act 1984 (section 1),Offensive weapons,Nothing found - no further action,True,False
Person search,2017-04-26T12:45:00+00:00,,,53.404400,-2.979630,Male,25-34,White - White British (W1),White,Police and Criminal Evidence Act 1984 (section 1),Stolen goods,Nothing found - no further action,True,False
Person search,2017-04-26T15:30:00+00:00,,,52.479000,-1.892290,Female,over 34,White - White British (W1),White,Misuse of Drugs Act 1971 (section 23),Controlled drugs,Nothing found - no further action,True,False
Person search,2017-04-26T15:30:00+00:00,,,52.479000,-1.892290,Male,25-34,White - White British (W1),White,Misuse of Drugs Act 1971 (section 23),Controlled drugs,Nothing found - no further action,True,False
Person search,2017-04-26T23:05:00+00:00,,,51.517000,-0.177458,Male,25-34,Not Stated (NS),Black,Police and Criminal Evidence Act 1984 (section 1),Stolen goods,Nothing found - no further action,True,False
Person search,2017-04-27T10:36:00+00:00,,,53.088600,-2.432820,Male,18-24,White - White British (W1),White,Misuse of Drugs Act 1971 (section 23),Controlled drugs,Suspect arrested,False,False
Person search,2017-04-27T18:55:00+00:00,,,51.537400,0.711761,Male,10-17,Asian or Asian British - Indian (A1),Asian,Misuse of Drugs Act 1971 (section 23),Controlled drugs,Suspect summonsed to court,True,False
Person search,2017-04-28T01:04:00+00:00,,,51.598000,-0.120461,,10-17,Asian or Asian British - Bangladeshi (A3),Asian,Misuse of Drugs Act 1971 (section 23),Controlled drugs,Nothing found - no further action,True,False
Person search,2017-04-28T03:30:00+00:00,,,51.598000,-0.120461,Male,18-24,Asian or Asian British - Bangladeshi (A3),Asian,Misuse of Drugs Act 1971 (section 23),Controlled drugs,Nothing found - no further action,True,False
Person search,2017-04-28T07:18:00+00:00,,,53.476900,-2.230050,Male,over 34,Asian or Asian British - Pakistani (A2),Asian,Police and Criminal Evidence Act 1984 (section 1),Stolen goods,Suspect summonsed to court,True,False
Person search,2017-04-28T10:50:00+00:00,,,52.194800,0.136968,Male,18-24,Not Stated (NS),Black,Police and Criminal Evidence Act 1984 (section 1),Offensive weapons,Suspect arrested,True,False
Person search,2017-04-28T12:00:00+00:00,,,51.486100,-0.122848,Female,over 34,Not Stated (NS),Black,Police and Criminal Evidence Act 1984 (section 1),Stolen goods,Nothing found - no further action,True,False
Person search,2017-04-28T12:25:00+00:00,,,51.535400,0.035180,Male,10-17,Black or Black British - African (B2),Mixed,Misuse of Drugs Act 1971 (section 23),Controlled drugs,Suspect summonsed to court,True,False
Person search,2017-04-28T12:40:00+00:00,,,51.507300,-0.122467,Male,over 34,White - White British (W1),Other,Police and Criminal Evidence Act 1984 (section 1),Offensive weapons,Article found - Detailed outcome unavailable,True,False
Person search,2017-04-28T13:15:00+00:00,,,53.088600,-2.432820,Male,over 34,White - White British (W1),White,Misuse of Drugs Act 1971 (section 23),Controlled drugs,Nothing found - no further action,True,False
Person search,2017-04-28T13:17:00+00:00,,,53.088600,-2.432820,Male,,White - White British (W1),White,Misuse of Drugs Act 1971 (section 23),Controlled drugs,Nothing found - no further action,True,False
Person search,2017-04-28T14:45:00+00:00,,,51.900500,0.892427,,over 34,White - White British (W1),White,Misuse of Drugs Act 1971 (section 23),Controlled drugs,Nothing found - no further action,True,False
Person search,2017-04-28T14:50:00+00:00,,,51.900500,0.892427,,over 34,White - White British (W1),White,Misuse of Drugs Act 1971 (section 23),Controlled drugs,Nothing found - no further action,True,False
Person search,2017-04-28T15:45:00+00:00,,,51.268500,-1.087870,Male,10-17,Not Stated (NS),Black,Misuse of Drugs Act 1971 (section 23),Controlled drugs,Suspect arrested,True,False
Person search,2017-04-28T16:20:00+00:00,,,54.968500,-1.616360,Male,over 34,White - White British (W1),White,Misuse of Drugs Act 1971 (section 23),Controlled drugs,Nothing found - no further action,True,False
Person search,2017-04-28T16:20:00+00:00,,,54.968500,-1.616360,Female,25-34,White - White British (W1),White,Misuse of Drugs Act 1971 (section 23),Controlled drugs,Nothing found - no further action,True,False
Person search,2017-04-29T05:15:00+00:00,,,51.495400,-0.143700,Male,25-34,Black or Black British - Any other Black ethnic background (B9),Black,Police and Criminal Evidence Act 1984 (section 1),Stolen goods,Nothing found - no further action,True,False
Person search,2017-04-29T12:05:00+00:00,,,52.978000,-0.031125,Male,10-17,White - Any other White ethnic background (W9),White,Misuse of Drugs Act 1971 (section 23),Controlled drugs,Suspect summonsed to court,True,False
Person search,2017-04-29T14:13:00+00:00,,,51.463100,-0.301408,Male,over 34,Not Stated (NS),Asian,Misuse of Drugs Act 1971 (section 23),Controlled drugs,Suspect summonsed to court,False,False
Person search,2017-04-29T17:30:00+00:00,,,51.865400,-2.238590,Male,25-34,Asian or Asian British - Any other Asian ethnic background (A9),Asian,Misuse of Drugs Act 1971 (section 23),Controlled drugs,Nothing found - no further action,True,False
Person search,2017-04-29T19:40:00+00:00,,,51.901700,-0.207094,Male,18-24,White - White British (W1),White,Misuse of Drugs Act 1971 (section 23),Controlled drugs,Nothing found - no further action,True,False
Person search,2017-04-29T19:45:00+00:00,,,51.901700,-0.207094,Male,18-24,White - White British (W1),White,Misuse of Drugs Act 1971 (section 23),Controlled drugs,Nothing found - no further action,True,False
Person and Vehicle search,2017-04-29T19:45:00+00:00,,,51.901700,-0.207094,Male,18-24,White - White British (W1),White,Misuse of Drugs Act 1971 (section 23),Controlled drugs,Nothing found - no further action,True,False
Person search,2017-04-29T20:30:00+00:00,,,51.522700,-0.162946,Male,over 34,Not Stated (NS),White,Misuse of Drugs Act 1971 (section 23),Controlled drugs,Suspect arrested,True,False
Person search,2017-04-30T02:45:00+00:00,,,51.528700,0.005342,Male,18-24,White - White British (W1),White,Police and Criminal Evidence Act 1984 (section 1),Article for use in theft,Suspect arrested,True,False
Person search,2017-04-30T02:50:00+00:00,,,51.528700,0.005342,Male,25-34,Mixed - White and Black Caribbean (M1),White,Police and Criminal Evidence Act 1984 (section 1),Article for use in theft,Suspect arrested,True,False
Person search,2017-04-30T16:51:00+00:00,,,51.539500,0.080833,Male,25-34,Asian or Asian British - Indian (A1),Asian,Misuse of Drugs Act 1971 (section 23),Controlled drugs,Suspect arrested,True,False
Person search,2017-04-30T20:50:00+00:00,,,52.130100,-0.468224,Male,10-17,Asian or Asian British - Indian (A1),Black,Misuse of Drugs Act 1971 (section 23),Controlled drugs,Nothing found - no further action,True,False
Person search,2017-04-30T20:50:00+00:00,,,52.130100,-0.468224,Male,10-17,Asian or Asian British - Pakistani (A2),Asian,Misuse of Drugs Act 1971 (section 23),Controlled drugs,Nothing found - no further action,True,False
