Type,Date,Part of a policing operation,Policing operation,Latitude,Longitude,Gender,Age range,Self-defined ethnicity,Officer-defined ethnicity,Legislation,Object of search,Outcome,Outcome linked to object of search,Removal of more than just outer clothing
Person search,2017-11-01T00:25:00+00:00,,,51.517680,-0.078484,Male,18-24,Asian/Asian British - Pakistani,Asian,Misuse of Drugs Act 1971 (section 23),Controlled drugs,Nothing found - no further action,False,False
Person search,2017-11-01T00:30:00+00:00,,,51.517680,-0.078484,Male,18-24,Asian/Asian British - Bangladeshi,Asian,Misuse of Drugs Act 1971 (section 23),Controlled drugs,Nothing found - no further action,False,False
Person search,2017-11-01T08:32:00+00:00,,,51.551059,-0.060909,Male,25-34,Other ethnic group - Not stated,Black,Misuse of Drugs Act 1971 (section 23),Controlled drugs,Nothing found - no further action,False,True
Person search,2017-11-01T08:32:00+00:00,,,51.551059,-0.060909,Male,10-17,Black/African/Caribbean/Black British - Caribbean,Black,Misuse of Drugs Act 1971 (section 23),Controlled drugs,Nothing found - no further action,False,False
Person search,2017-11-01T08:41:00+00:00,,,51.551059,-0.060909,Male,over 34,White - Any other White background,Asian,Misuse of Drugs Act 1971 (section 23),Evidence of offences under the Act,Nothing found - no further action,False,True
Person search,2017-11-01T08:41:00+00:00,,,51.551059,-0.060909,Male,25-34,Black/African/Caribbean/Black British - African,Black,Misuse of Drugs Act 1971 (section 23),Evidence of offences under the Act,Nothing found - no further action,False,True
Person search,2017-11-01T08:41:00+00:00,,,51.551059,-0.060909,Male,18-24,Asian/Asian British - Any other Asian background,White,Misuse of Drugs Act 1971 (section 23),Evidence of offences under the Act,Nothing found - no further action,False,True
Person search,2017-11-01T09:22:00+00:00,,,51.551059,-0.060909,Male,over 34,White - Any other White background,White,Misuse of Drugs Act 1971 (section 23),Controlled drugs,Nothing found - no further action,True,True
Person and Vehicle search,2017-11-01T14:20:00+00:00,,,51.513171,-0.077694,Male,18-24,Other ethnic group - Not stated,Asian,Misuse of Drugs Act 1971 (section 23),Controlled drugs,Nothing found - no further action,False,False
Person search,2017-11-01T16:11:00+00:00,,,51.512598,-0.084967,Male,18-24,White - English/Welsh/Scottish/Northern Irish/British,White,Police and Criminal Evidence Act 1984 (section 1),Evidence of offences under the Act,Nothing found - no further action,False,False
Person search,2017-11-01T16:30:00+00:00,,,51.512598,-0.084967,Female,over 34,White - Any other White background,White,Police and Criminal Evidence Act 1984 (section 1),Stolen goods,Local resolution,False,False
Person search,2017-11-02T00:00:00+00:00,,,51.518864,-0.097562,Male,over 34,Black/African/Caribbean/Black British - Caribbean,Black,Police and Criminal Evidence Act 1984 (section 1),Article for use in theft,Suspect arrested,True,False
Person and Vehicle search,2017-11-02T12:50:00+00:00,,,51.520290,-0.078591,Female,10-17,Other ethnic group - Not stated,Asian,Misuse of Drugs Act 1971 (section 23),Controlled drugs,Nothing found - no further action,False,False
Person and Vehicle search,2017-11-02T13:04:00+00:00,,,51.520290,-0.078591,Male,25-34,White - Any other White background,White,Misuse of Drugs Act 1971 (section 23),Controlled drugs,Suspect arrested,True,False
Person search,2017-11-02T16:55:00+00:00,,,51.509757,-0.083386,Male,18-24,Asian/Asian British - Bangladeshi,Asian,Police and Criminal Evidence Act 1984 (section 1),Fireworks,Nothing found - no further action,True,False
Person search,2017-11-03T13:51:00+00:00,,,51.510421,-0.093215,Male,over 34,Other ethnic group - Not stated,White,Misuse of Drugs Act 1971 (section 23),Controlled drugs,Nothing found - no further action,True,False
Person search,2017-11-03T21:02:00+00:00,,,51.516814,-0.081620,Male,over 34,Other ethnic group - Not stated,White,Police and Criminal Evidence Act 1984 (section 1),Article for use in theft,Nothing found - no further action,False,False
Person search,2017-11-03T21:02:00+00:00,,,51.516814,-0.081620,Male,18-24,Other ethnic group - Not stated,White,Police and Criminal Evidence Act 1984 (section 1),Article for use in theft,Nothing found - no further action,False,False
Person search,2017-11-03T22:45:00+00:00,,,51.513389,-0.080034,Male,25-34,Other ethnic group - Not stated,Asian,Police and Criminal Evidence Act 1984 (section 1),Stolen goods,Nothing found - no further action,False,False
Person search,2017-11-04T00:20:00+00:00,,,51.513194,-0.092321,Male,18-24,White - English/Welsh/Scottish/Northern Irish/British,White,Misuse of Drugs Act 1971 (section 23),Controlled drugs,Nothing found - no further action,False,False
Person search,2017-11-04T11:33:00+00:00,,,,,Male,25-34,White - Any other White background,White,Police and Criminal Evidence Act 1984 (section 1),Stolen goods,Nothing found - no further action,False,False
Person and Vehicle search,2017-11-04T22:55:00+00:00,,,51.517149,-0.087760,Male,18-24,Mixed/Multiple ethnic groups - White and Black Caribbean,Black,Misuse of Drugs Act 1971 (section 23),Controlled drugs,Suspect arrested,True,False
Person and Vehicle search,2017-11-04T22:55:00+00:00,,,51.517032,-0.089451,Female,18-24,White - English/Welsh/Scottish/Northern Irish/British,White,Misuse of Drugs Act 1971 (section 23),Controlled drugs,Nothing found - no further action,False,False
Person and Vehicle search,2017-11-05T03:05:00+00:00,,,51.515033,-0.078250,Male,18-24,Black/African/Caribbean/Black British - African,Black,Misuse of Drugs Act 1971 (section 23),Controlled drugs,Nothing found - no further action,False,False
Person search,2017-11-05T03:05:00+00:00,,,51.515033,-0.078250,Male,18-24,Black/African/Caribbean/Black British - African,Black,Misuse of Drugs Act 1971 (section 23),Controlled drugs,Nothing found - no further action,False,False
Person search,2017-11-05T03:05:00+00:00,,,51.515033,-0.078250,Male,18-24,Other ethnic group - Not stated,Other,Misuse of Drugs Act 1971 (section 23),Controlled drugs,Nothing found - no further action,False,False
Person search,2017-11-05T03:05:00+00:00,,,51.515033,-0.078250,Male,18-24,Black/African/Caribbean/Black British - African,Black,Misuse of Drugs Act 1971 (section 23),Controlled drugs,Nothing found - no further action,False,False
Person and Vehicle search,2017-11-05T03:15:00+00:00,,,,,Male,18-24,Black/African/Caribbean/Black British - African,Black,Misuse of Drugs Act 1971 (section 23),Controlled drugs,Nothing found - no further action,False,False
Person and Vehicle search,2017-11-06T11:15:00+00:00,,,51.511180,-0.073065,Male,25-34,Asian/Asian British - Bangladeshi,Asian,Misuse of Drugs Act 1971 (section 23),Controlled drugs,Nothing found - no further action,False,False
Person search,2017-11-06T11:25:00+00:00,,,51.511180,-0.073065,Male,25-34,Asian/Asian British - Bangladeshi,Asian,Misuse of Drugs Act 1971 (section 23),Controlled drugs,Nothing found - no further action,False,False
Person and Vehicle search,2017-11-06T11:28:00+00:00,,,51.511180,-0.073065,Male,25-34,Mixed/Multiple ethnic groups - White and Asian,Asian,Misuse of Drugs Act 1971 (section 23),Controlled drugs,Suspect arrested,False,False
Person search,2017-11-07T03:15:00+00:00,,,51.517920,-0.092628,Male,,Other ethnic group - Not stated,Black,Misuse of Drugs Act 1971 (section 23),Controlled drugs,Nothing found - no further action,False,False
Person search,2017-11-08T15:19:00+00:00,,,51.511794,-0.088042,Male,18-24,Other ethnic group - Not stated,Other,Police and Criminal Evidence Act 1984 (section 1),Stolen goods,Nothing found - no further action,False,
Person search,2017-11-08T15:19:00+00:00,,,51.511794,-0.088042,Male,18-24,Other ethnic group - Not stated,Other,Police and Criminal Evidence Act 1984 (section 1),Stolen goods,Local resolution,True,False
Person search,2017-11-08T15:53:00+00:00,,,51.513377,-0.096363,Male,over 34,White - English/Welsh/Scottish/Northern Irish/British,White,Police and Criminal Evidence Act 1984 (section 1),Stolen goods,Nothing found - no further action,False,False
Person search,2017-11-08T16:22:00+00:00,,,51.513377,-0.096363,Male,over 34,White - English/Welsh/Scottish/Northern Irish/British,White,Police and Criminal Evidence Act 1984 (section 1),Stolen goods,Nothing found - no further action,False,False
Person search,2017-11-08T16:46:00+00:00,,,51.513377,-0.096363,Female,25-34,Other ethnic group - Not stated,White,Police and Criminal Evidence Act 1984 (section 1),Article for use in theft,Suspect arrested,False,False
Person search,2017-11-08T18:30:00+00:00,,,51.511453,-0.077637,Male,25-34,White - Irish,White,Police and Criminal Evidence Act 1984 (section 1),Article for use in theft,Nothing found - no further action,False,False
Person search,2017-11-08T23:03:00+00:00,,,51.497652,-0.052731,Male,over 34,White - Any other White background,Asian,Police and Criminal Evidence Act 1984 (section 1),Stolen goods,Nothing found - no further action,False,False
Person search,2017-11-08T23:03:00+00:00,,,51.497652,-0.052731,Female,over 34,White - English/Welsh/Scottish/Northern Irish/British,White,Police and Criminal Evidence Act 1984 (section 1),Stolen goods,Nothing found - no further action,False,False
Person search,2017-11-09T04:18:00+00:00,,,51.516814,-0.081620,Male,18-24,White - Any other White background,White,Misuse of Drugs Act 1971 (section 23),Controlled drugs,Nothing found - no further action,False,False
Person search,2017-11-09T04:55:00+00:00,,,51.516814,-0.081620,Male,18-24,White - Any other White background,White,Misuse of Drugs Act 1971 (section 23),Controlled drugs,Nothing found - no further action,False,False
Person search,2017-11-09T05:04:00+00:00,,,51.516814,-0.081620,Male,18-24,White - English/Welsh/Scottish/Northern Irish/British,White,Misuse of Drugs Act 1971 (section 23),Controlled drugs,Nothing found - no further action,False,False
Person search,2017-11-09T17:16:00+00:00,,,51.516966,-0.105900,Male,10-17,Other ethnic group - Not stated,Other,Misuse of Drugs Act 1971 (section 23),Controlled drugs,Local resolution,,False
Person search,2017-11-09T18:34:00+00:00,,,51.516814,-0.081620,Male,25-34,White - English/Welsh/Scottish/Northern Irish/British,White,Police and Criminal Evidence Act 1984 (section 1),Stolen goods,Nothing found - no further action,False,False
Person search,2017-11-09T19:19:00+00:00,,,51.516814,-0.081620,Male,18-24,White - Any other White background,Other,Police and Criminal Evidence Act 1984 (section 1),Stolen goods,Nothing found - no further action,False,False
Person search,2017-11-09T23:00:00+00:00,,,51.517680,-0.078484,Male,,Other ethnic group - Not stated,Other,Misuse of Drugs Act 1971 (section 23),Controlled drugs,Nothing found - no further action,False,False
Person search,2017-11-09T23:02:00+00:00,,,51.516814,-0.081620,Male,25-34,Black/African/Caribbean/Black British - African,Black,Misuse of Drugs Act 1971 (section 23),Controlled drugs,Nothing found - no further action,False,False
Person search,2017-11-09T23:30:00+00:00,,,51.515404,-0.102721,Male,,Other ethnic group - Not stated,Black,Misuse of Drugs Act 1971 (section 23),Controlled drugs,Nothing found - no further action,False,False
Person search,2017-11-10T11:06:00+00:00,,,51.510598,-0.083120,Male,25-34,White - Any other White background,Other,Police and Criminal Evidence Act 1984 (section 1),Anything to threaten or harm anyone,Nothing found - no further action,False,False
Person and Vehicle search,2017-11-10T20:40:00+00:00,,,51.521810,-0.097929,Male,18-24,Asian/Asian British - Any other Asian background,Asian,Firearms Act 1968 (section 47),Firearms,Nothing found - no further action,,False
Person search,2017-11-11T17:50:00+00:00,,,,,Male,over 34,Other ethnic group - Not stated,Black,Police and Criminal Evidence Act 1984 (section 1),Anything to threaten or harm anyone,Nothing found - no further action,True,False
Person search,2017-11-11T23:55:00+00:00,,,51.516814,-0.081620,Male,,Other ethnic group - Not stated,Black,Misuse of Drugs Act 1971 (section 23),Controlled drugs,Nothing found - no further action,False,False
Person search,2017-11-12T17:57:00+00:00,,,51.513377,-0.096363,Male,over 34,Other ethnic group - Not stated,Asian,Police and Criminal Evidence Act 1984 (section 1),Article for use in theft,Nothing found - no further action,False,False
Person search,2017-11-13T21:04:00+00:00,,,51.510494,-0.084983,Male,18-24,White - Any other White background,White,Police and Criminal Evidence Act 1984 (section 1),Article for use in theft,Nothing found - no further action,False,
Person search,2017-11-14T09:10:00+00:00,,,51.515142,-0.097645,Female,over 34,White - English/Welsh/Scottish/Northern Irish/British,White,Police and Criminal Evidence Act 1984 (section 1),Stolen goods,Nothing found - no further action,False,False
Person search,2017-11-15T15:20:00+00:00,,,51.515142,-0.097645,Male,10-17,Other ethnic group - Not stated,Black,Police and Criminal Evidence Act 1984 (section 1),Stolen goods,Local resolution,True,False
Person search,2017-11-15T15:45:00+00:00,,,,,Male,10-17,Black/African/Caribbean/Black British - African,Black,Police and Criminal Evidence Act 1984 (section 1),Article for use in theft,Local resolution,True,False
Person search,2017-11-16T11:15:00+00:00,,,,,Male,25-34,Mixed/Multiple ethnic groups - White and Black Caribbean,White,Misuse of Drugs Act 1971 (section 23),Controlled drugs,Nothing found - no further action,False,False
Person search,2017-11-16T13:55:00+00:00,,,,,Male,25-34,White - Any other White background,White,Misuse of Drugs Act 1971 (section 23),Controlled drugs,Nothing found - no further action,False,False
Person search,2017-11-16T18:50:00+00:00,,,51.516814,-0.081620,Female,25-34,White - English/Welsh/Scottish/Northern Irish/British,White,Police and Criminal Evidence Act 1984 (section 1),Article for use in theft,Nothing found - no further action,False,False
Person search,2017-11-16T19:54:00+00:00,,,51.512678,-0.079444,Male,25-34,Asian/Asian British - Bangladeshi,Asian,Police and Criminal Evidence Act 1984 (section 1),Fireworks,Nothing found - no further action,,False
Person search,2017-11-16T19:59:00+00:00,,,51.512678,-0.079444,Male,25-34,Asian/Asian British - Bangladeshi,Asian,Police and Criminal Evidence Act 1984 (section 1),Fireworks,Offender given drugs possession warning,True,False
Person and Vehicle search,2017-11-18T06:00:00+00:00,,,51.514203,-0.094628,Male,18-24,Black/African/Caribbean/Black British - African,Black,Misuse of Drugs Act 1971 (section 23),Controlled drugs,Suspect arrested,True,False
Person and Vehicle search,2017-11-18T06:00:00+00:00,,,51.514203,-0.094628,Female,18-24,Black/African/Caribbean/Black British - African,Black,Misuse of Drugs Act 1971 (section 23),Controlled drugs,Offender given drugs possession warning,True,False
Person and Vehicle search,2017-11-18T06:10:00+00:00,,,51.514203,-0.094628,Female,,Other ethnic group - Not stated,Black,Misuse of Drugs Act 1971 (section 23),Controlled drugs,Nothing found - no further action,False,False
Person search,2017-11-18T22:20:00+00:00,,,51.517680,-0.078484,Male,18-24,Mixed/Multiple ethnic groups - White and Asian,White,Misuse of Drugs Act 1971 (section 23),Controlled drugs,Nothing found - no further action,True,True
Person search,2017-11-18T22:24:00+00:00,,,51.516814,-0.081620,Male,25-34,Black/African/Caribbean/Black British - Any other Black/African/Caribbean background,Black,Misuse of Drugs Act 1971 (section 23),Controlled drugs,Nothing found - no further action,False,False
Person search,2017-11-18T22:25:00+00:00,,,51.520510,-0.081580,Male,25-34,Asian/Asian British - Bangladeshi,Asian,Misuse of Drugs Act 1971 (section 23),Evidence of offences under the Act,Suspect arrested,True,False
Person search,2017-11-18T22:30:00+00:00,,,51.517576,-0.079786,Male,18-24,Other ethnic group - Not stated,Black,Misuse of Drugs Act 1971 (section 23),Controlled drugs,Nothing found - no further action,False,True
Person and Vehicle search,2017-11-18T23:17:00+00:00,,,51.516386,-0.108965,Male,25-34,White - English/Welsh/Scottish/Northern Irish/British,White,Misuse of Drugs Act 1971 (section 23),Controlled drugs,Nothing found - no further action,False,False
Person search,2017-11-19T09:40:00+00:00,,,51.517149,-0.087760,Male,10-17,White - English/Welsh/Scottish/Northern Irish/British,White,Police and Criminal Evidence Act 1984 (section 1),Article for use in theft,Suspect arrested,False,False
Person search,2017-11-19T10:00:00+00:00,,,51.516026,-0.091151,Male,10-17,White - Any other White background,Asian,Police and Criminal Evidence Act 1984 (section 1),Article for use in theft,Suspect arrested,True,False
Person search,2017-11-19T10:10:00+00:00,,,51.515005,-0.093629,Male,10-17,White - English/Welsh/Scottish/Northern Irish/British,White,Police and Criminal Evidence Act 1984 (section 1),Article for use in theft,Nothing found - no further action,False,False
Person search,2017-11-20T04:30:00+00:00,,,51.516014,-0.081091,Male,18-24,White - English/Welsh/Scottish/Northern Irish/British,White,Police and Criminal Evidence Act 1984 (section 1),Article for use in theft,Nothing found - no further action,False,False
Person search,2017-11-20T04:47:00+00:00,,,51.516006,-0.080573,Male,18-24,White - Any other White background,White,Police and Criminal Evidence Act 1984 (section 1),Article for use in theft,Nothing found - no further action,False,False
Person search,2017-11-21T10:59:00+00:00,,,51.513952,-0.085833,Female,18-24,White - English/Welsh/Scottish/Northern Irish/British,Other,Police and Criminal Evidence Act 1984 (section 1),Stolen goods,Nothing found - no further action,False,False
Person search,2017-11-23T19:26:00+00:00,,,51.511794,-0.088042,Male,over 34,Asian/Asian British - Bangladeshi,Asian,Police and Criminal Evidence Act 1984 (section 1),Article for use in theft,Local resolution,True,False
Person and Vehicle search,2017-11-23T23:45:00+00:00,,,51.516814,-0.081620,Male,25-34,Asian/Asian British - Any other Asian background,Asian,Misuse of Drugs Act 1971 (section 23),Controlled drugs,Nothing found - no further action,,True
Person and Vehicle search,2017-11-23T23:45:00+00:00,,,51.517576,-0.079786,Male,18-24,Other ethnic group - Not stated,Asian,Misuse of Drugs Act 1971 (section 23),Controlled drugs,Nothing found - no further action,False,True
Person and Vehicle search,2017-11-23T23:50:00+00:00,,,51.516814,-0.081620,Other,18-24,Asian/Asian British - Bangladeshi,Asian,Misuse of Drugs Act 1971 (section 23),Controlled drugs,Suspect arrested,True,True
Person search,2017-11-24T11:10:00+00:00,,,51.515739,-0.100632,Male,18-24,Asian/Asian British - Bangladeshi,Asian,Misuse of Drugs Act 1971 (section 23),Controlled drugs,Suspect arrested,True,True
Person search,2017-11-26T00:10:00+00:00,,,51.517576,-0.079786,Male,18-24,Other ethnic group - Not stated,Black,Misuse of Drugs Act 1971 (section 23),Controlled drugs,Nothing found - no further action,False,False
Person and Vehicle search,2017-11-27T14:00:00+00:00,,,51.516571,-0.108164,Male,25-34,White - English/Welsh/Scottish/Northern Irish/British,White,Misuse of Drugs Act 1971 (section 23),Controlled drugs,Nothing found - no further action,False,False
Person search,2017-11-27T14:05:00+00:00,,,51.516386,-0.108965,Male,25-34,Black/African/Caribbean/Black British - Any other Black/African/Caribbean background,Black,Misuse of Drugs Act 1971 (section 23),Controlled drugs,Nothing found - no further action,False,False
Person and Vehicle search,2017-11-28T07:06:00+00:00,,,51.517032,-0.089451,Male,18-24,Black/African/Caribbean/Black British - African,Black,Misuse of Drugs Act 1971 (section 23),Controlled drugs,Nothing found - no further action,False,False
Person search,2017-11-28T07:06:00+00:00,,,51.517032,-0.089451,Male,25-34,Black/African/Caribbean/Black British - African,Black,Misuse of Drugs Act 1971 (section 23),Controlled drugs,Nothing found - no further action,False,False
Person search,2017-11-28T07:06:00+00:00,,,51.517032,-0.089451,Male,25-34,Black/African/Caribbean/Black British - Any other Black/African/Caribbean background,Black,Misuse of Drugs Act 1971 (section 23),Controlled drugs,Nothing found - no further action,False,False
Person search,2017-11-28T07:34:00+00:00,,,51.517032,-0.089451,Male,18-24,Mixed/Multiple ethnic groups - White and Black African,Black,Misuse of Drugs Act 1971 (section 23),Controlled drugs,Nothing found - no further action,False,False
Person search,2017-11-29T09:49:00+00:00,,,51.517244,-0.080376,Male,18-24,Black/African/Caribbean/Black British - African,Black,Police and Criminal Evidence Act 1984 (section 1),Evidence of offences under the Act,Nothing found - no further action,False,False
Person search,2017-11-29T09:49:00+00:00,,,51.517244,-0.080376,Male,18-24,Black/African/Caribbean/Black British - African,Black,Police and Criminal Evidence Act 1984 (section 1),Evidence of offences under the Act,Suspect arrested,False,False
Person search,2017-11-29T12:33:00+00:00,,,51.518189,-0.082628,Male,25-34,Other ethnic group - Not stated,White,Police and Criminal Evidence Act 1984 (section 1),Article for use in theft,Nothing found - no further action,True,False
Person search,2017-11-29T17:01:00+00:00,,,51.512147,-0.092077,Male,over 34,Other ethnic group - Not stated,White,Police and Criminal Evidence Act 1984 (section 1),Article for use in theft,Nothing found - no further action,False,True
Person search,2017-11-29T17:01:00+00:00,,,51.512147,-0.092077,Male,18-24,White - Any other White background,White,Police and Criminal Evidence Act 1984 (section 1),Article for use in theft,Suspect arrested,True,False
Person search,2017-11-29T17:01:00+00:00,,,51.512147,-0.092077,Male,over 34,White - Any other White background,White,Police and Criminal Evidence Act 1984 (section 1),Article for use in theft,Nothing found - no further action,False,True
Person and Vehicle search,2017-11-30T11:11:00+00:00,,,51.513171,-0.077694,Male,25-34,Other ethnic group - Not stated,Other,Misuse of Drugs Act 1971 (section 23),Controlled drugs,Nothing found - no further action,False,False
Person search,2017-11-30T15:10:00+00:00,,,51.517146,-0.098642,Other,25-34,White - English/Welsh/Scottish/Northern Irish/British,White,Misuse of Drugs Act 1971 (section 23),Controlled drugs,Suspect arrested,True,False
Person and Vehicle search,2017-11-30T17:36:00+00:00,,,51.513463,-0.082913,Male,25-34,White - Any other White background,White,Misuse of Drugs Act 1971 (section 23),Controlled drugs,Nothing found - no further action,False,False
Person and Vehicle search,2017-11-30T17:36:00+00:00,,,51.513463,-0.082913,Male,25-34,Other ethnic group - Not stated,Asian,Misuse of Drugs Act 1971 (section 23),Controlled drugs,Nothing found - no further action,False,False
Person and Vehicle search,2017-11-30T20:06:00+00:00,,,51.517032,-0.089451,Male,25-34,Asian/Asian British - Bangladeshi,Asian,Misuse of Drugs Act 1971 (section 23),Controlled drugs,Suspect arrested,True,False
