Type,Date,Part of a policing operation,Policing operation,Latitude,Longitude,Gender,Age range,Self-defined ethnicity,Officer-defined ethnicity,Legislation,Object of search,Outcome,Outcome linked to object of search,Removal of more than just outer clothing
Person search,2017-05-01T11:55:00+00:00,,,53.794800,-1.549110,Male,over 34,White - English/Welsh/Scottish/Northern Irish/British,White,Police and Criminal Evidence Act 1984 (section 1),Stolen goods,Suspect arrested,True,False
Person search,2017-05-01T17:00:00+00:00,,,53.476900,-2.230050,Male,25-34,White - English/Welsh/Scottish/Northern Irish/British,White,Police and Criminal Evidence Act 1984 (section 1),Stolen goods,Suspect arrested,True,False
Person search,2017-05-01T19:30:00+00:00,,,53.484900,-2.357130,Male,,White - English/Welsh/Scottish/Northern Irish/British,White,Misuse of Drugs Act 1971 (section 23),Controlled drugs,Nothing found - no further action,True,False
Person search,2017-05-02T10:30:00+00:00,,,51.589700,-2.998600,Male,over 34,White - English/Welsh/Scottish/Northern Irish/British,White,Misuse of Drugs Act 1971 (section 23),Controlled drugs,Nothing found - no further action,True,False
Person search,2017-05-02T10:40:00+00:00,,,51.905400,-0.458493,Male,over 34,White - English/Welsh/Scottish/Northern Irish/British,White,Misuse of Drugs Act 1971 (section 23),Controlled drugs,Nothing found - no further action,True,False
Person search,2017-05-02T14:00:00+00:00,,,51.750600,-0.327649,Male,over 34,Black/African/Caribbean/Black British - Caribbean,Black,Police and Criminal Evidence Act 1984 (section 1),Stolen goods,Nothing found - no further action,True,False
Person search,2017-05-02T14:00:00+00:00,,,51.750600,-0.327649,Male,18-24,Black/African/Caribbean/Black British - Caribbean,Black,Police and Criminal Evidence Act 1984 (section 1),Article for use in theft,Nothing found - no further action,True,False
Person search,2017-05-02T15:45:00+00:00,,,53.476900,-2.230050,Female,25-34,White - English/Welsh/Scottish/Northern Irish/British,White,Police and Criminal Evidence Act 1984 (section 1),Offensive weapons,Nothing found - no further action,True,False
Person search,2017-05-02T16:40:00+00:00,,,51.464500,-0.170493,Male,10-17,Black/African/Caribbean/Black British - African,Black,Misuse of Drugs Act 1971 (section 23),Controlled drugs,Suspect arrested,True,False
Person search,2017-05-02T18:33:00+00:00,,,54.906500,-1.401020,Male,25-34,White - English/Welsh/Scottish/Northern Irish/British,White,Police and Criminal Evidence Act 1984 (section 1),Stolen goods,Suspect arrested,True,False
Person search,2017-05-02T18:33:00+00:00,,,54.906500,-1.401020,Male,25-34,White - English/Welsh/Scottish/Northern Irish/British,White,Police and Criminal Evidence Act 1984 (section 1),,Suspect arrested,True,False
Person search,2017-05-02T19:25:00+00:00,,,53.484900,-2.357130,Male,,White - English/Welsh/Scottish/Northern Irish/British,White,Misuse of Drugs Act 1971 (section 23),Controlled drugs,Nothing found - no further action,True,False
Person and Vehicle search,2017-05-03T00:00:00+00:00,,,53.487900,-2.243670,,18-24,Black/African/Caribbean/Black British - Caribbean,Black,Misuse of Drugs Act 1971 (section 23),Controlled drugs,Nothing found - no further action,True,False
Person search,2017-05-03T00:00:00+00:00,,,53.487900,-2.243670,,18-24,White - English/Welsh/Scottish/Northern Irish/British,White,Misuse of Drugs Act 1971 (section 23),Controlled drugs,Offender given drugs possession warning,True,False
Person search,2017-05-03T09:35:00+00:00,,,53.794800,-1.549110,Male,over 34,White - English/Welsh/Scottish/Northern Irish/British,White,Misuse of Drugs Act 1971 (section 23),Controlled drugs,Suspect summonsed to court,True,False
Person search,2017-05-03T10:50:00+00:00,,,51.459100,-0.971711,Male,,White - English/Welsh/Scottish/Northern Irish/British,White,Police and Criminal Evidence Act 1984 (section 1),Articles for use in criminal damage,Nothing found - no further action,True,False
Person search,2017-05-03T11:00:00+00:00,,,51.528500,-0.132415,Male,over 34,White - Any other White background,White,Police and Criminal Evidence Act 1984 (section 1),Offensive weapons,Suspect arrested,True,False
Person search,2017-05-03T15:45:00+00:00,,,51.513900,0.008154,Male,25-34,Black/African/Caribbean/Black British - Any other Black/African/Caribbean background,Black,Misuse of Drugs Act 1971 (section 23),Controlled drugs,Nothing found - no further action,True,False
Person search,2017-05-03T15:45:00+00:00,,,51.513900,0.008154,Male,18-24,White - Any other White background,White,Misuse of Drugs Act 1971 (section 23),Controlled drugs,Offender given drugs possession warning,True,False
Person search,2017-05-03T16:35:00+00:00,,,52.050600,1.144260,Male,18-24,Black/African/Caribbean/Black British - Caribbean,Black,Misuse of Drugs Act 1971 (section 23),Controlled drugs,Nothing found - no further action,True,False
Person search,2017-05-03T17:17:00+00:00,,,51.374900,-0.092657,Male,18-24,White - Any other White background,White,Misuse of Drugs Act 1971 (section 23),Controlled drugs,Nothing found - no further action,True,False
Person search,2017-05-03T17:45:00+00:00,,,51.417100,0.044174,Male,10-17,White - English/Welsh/Scottish/Northern Irish/British,White,Police and Criminal Evidence Act 1984 (section 1),Article for use in theft,Suspect arrested,True,False
Person search,2017-05-03T18:00:00+00:00,,,51.417100,0.044174,Male,10-17,Black/African/Caribbean/Black British - Caribbean,Black,Police and Criminal Evidence Act 1984 (section 1),Article for use in theft,Suspect arrested,True,False
Person search,2017-05-03T21:03:00+00:00,,,51.546200,-0.103977,Female,over 34,White - English/Welsh/Scottish/Northern Irish/British,White,Police and Criminal Evidence Act 1984 (section 1),Offensive weapons,Nothing found - no further action,True,False
Person search,2017-05-03T23:55:00+00:00,,,52.034100,-0.774543,Male,over 34,White - English/Welsh/Scottish/Northern Irish/British,White,Misuse of Drugs Act 1971 (section 23),Controlled drugs,Nothing found - no further action,True,False
Person search,2017-05-04T10:40:00+00:00,,,51.276700,0.181736,Male,25-34,White - English/Welsh/Scottish/Northern Irish/British,White,Misuse of Drugs Act 1971 (section 23),Controlled drugs,Suspect summonsed to court,True,False
Person search,2017-05-04T11:30:00+00:00,,,,,Male,over 34,White - English/Welsh/Scottish/Northern Irish/British,White,Police and Criminal Evidence Act 1984 (section 6),Stolen goods,Nothing found - no further action,True,False
Person search,2017-05-04T14:45:00+00:00,,,51.459100,-0.971711,Male,over 34,Asian/Asian British - Pakistani,Asian,Misuse of Drugs Act 1971 (section 23),Controlled drugs,Nothing found - no further action,True,False
Person search,2017-05-04T15:00:00+00:00,,,51.366500,0.611363,Female,25-34,White - English/Welsh/Scottish/Northern Irish/British,White,Misuse of Drugs Act 1971 (section 23),Controlled drugs,Offender given drugs possession warning,True,False
Person search,2017-05-04T15:00:00+00:00,,,51.366500,0.611363,Female,25-34,White - English/Welsh/Scottish/Northern Irish/British,White,Misuse of Drugs Act 1971 (section 23),Controlled drugs,Offender given drugs possession warning,True,False
Person search,2017-05-04T15:00:00+00:00,,,51.386700,0.550495,Female,25-34,White - English/Welsh/Scottish/Northern Irish/British,White,Misuse of Drugs Act 1971 (section 23),Controlled drugs,Offender given drugs possession warning,True,False
Person search,2017-05-04T15:00:00+00:00,,,51.366500,0.611363,Female,25-34,White - English/Welsh/Scottish/Northern Irish/British,White,Misuse of Drugs Act 1971 (section 23),Controlled drugs,Offender given drugs possession warning,True,False
Person search,2017-05-04T15:00:00+00:00,,,51.386700,0.550495,Female,25-34,White - English/Welsh/Scottish/Northern Irish/British,White,Misuse of Drugs Act 1971 (section 23),Controlled drugs,Offender given drugs possession warning,True,False
Person search,2017-05-04T15:00:00+00:00,,,51.386700,0.550495,Female,25-34,White - English/Welsh/Scottish/Northern Irish/British,White,Misuse of Drugs Act 1971 (section 23),Controlled drugs,Offender given drugs possession warning,True,False
Person search,2017-05-04T15:00:00+00:00,,,51.366500,0.611363,Female,25-34,White - English/Welsh/Scottish/Northern Irish/British,White,Misuse of Drugs Act 1971 (section 23),Controlled drugs,Offender given drugs possession warning,True,False
Person search,2017-05-04T15:00:00+00:00,,,51.386700,0.550495,Female,25-34,White - English/Welsh/Scottish/Northern Irish/British,White,Misuse of Drugs Act 1971 (section 23),Controlled drugs,Offender given drugs possession warning,True,False
Person and Vehicle search,2017-05-04T15:11:00+00:00,,,51.366500,0.611363,Female,25-34,White - English/Welsh/Scottish/Northern Irish/British,White,Misuse of Drugs Act 1971 (section 23),Controlled drugs,Offender given drugs possession warning,True,False
Person search,2017-05-04T16:20:00+00:00,,,51.022600,-3.102810,Male,10-17,White - English/Welsh/Scottish/Northern Irish/British,White,Misuse of Drugs Act 1971 (section 23),Controlled drugs,Nothing found - no further action,True,False
Person search,2017-05-04T18:30:00+00:00,,,51.517400,-0.082914,Male,25-34,Asian/Asian British - Bangladeshi,Asian,Police and Criminal Evidence Act 1984 (section 1),Stolen goods,Nothing found - no further action,True,False
Person search,2017-05-04T19:45:00+00:00,,,51.502900,-0.115136,Male,18-24,White - Irish,White,Misuse of Drugs Act 1971 (section 23),,Offender given drugs possession warning,True,False
Person search,2017-05-04T21:12:00+00:00,,,51.511300,-0.056945,Female,25-34,White - Any other White background,White,Misuse of Drugs Act 1971 (section 23),Controlled drugs,Nothing found - no further action,True,False
Person search,2017-05-04T21:15:00+00:00,,,51.511300,-0.056945,Male,over 34,Black/African/Caribbean/Black British - Any other Black/African/Caribbean background,Black,Misuse of Drugs Act 1971 (section 23),Controlled drugs,Nothing found - no further action,True,False
Person search,2017-05-05T10:20:00+00:00,,,51.532500,-0.126010,Female,18-24,White - Any other White background,White,Misuse of Drugs Act 1971 (section 23),Controlled drugs,Offender given drugs possession warning,True,False
Person search,2017-05-05T14:30:00+00:00,,,52.947300,-1.145410,Male,25-34,White - English/Welsh/Scottish/Northern Irish/British,White,Misuse of Drugs Act 1971 (section 23),Controlled drugs,Nothing found - no further action,True,False
Person search,2017-05-05T16:35:00+00:00,,,51.750600,-0.327649,Male,10-17,Black/African/Caribbean/Black British - Any other Black/African/Caribbean background,Black,Misuse of Drugs Act 1971 (section 23),Controlled drugs,Nothing found - no further action,True,False
Person search,2017-05-05T18:45:00+00:00,,,53.491400,-2.093420,Male,10-17,White - English/Welsh/Scottish/Northern Irish/British,White,Misuse of Drugs Act 1971 (section 23),Controlled drugs,Nothing found - no further action,True,False
Person search,2017-05-05T21:05:00+00:00,,,51.530100,-0.293024,Male,18-24,Black/African/Caribbean/Black British - Caribbean,Black,Misuse of Drugs Act 1971 (section 23),Controlled drugs,Offender given drugs possession warning,True,False
Person search,2017-05-05T21:05:00+00:00,,,51.530100,-0.293024,Male,25-34,Black/African/Caribbean/Black British - Caribbean,Black,Misuse of Drugs Act 1971 (section 23),Controlled drugs,Offender given drugs possession warning,True,False
Person search,2017-05-06T16:10:00+00:00,,,51.629700,-0.745391,Male,over 34,Asian/Asian British - Pakistani,Asian,Misuse of Drugs Act 1971 (section 23),Controlled drugs,Nothing found - no further action,True,False
Person search,2017-05-06T17:50:00+00:00,,,51.459100,-0.971711,Male,over 34,White - English/Welsh/Scottish/Northern Irish/British,White,Police and Criminal Evidence Act 1984 (section 1),Stolen goods,Suspect arrested,True,False
Person and Vehicle search,2017-05-06T20:35:00+00:00,,,51.538600,0.670067,Male,18-24,White - English/Welsh/Scottish/Northern Irish/British,White,Misuse of Drugs Act 1971 (section 23),Controlled drugs,Nothing found - no further action,True,False
Person search,2017-05-07T19:40:00+00:00,,,51.520300,-0.170206,Male,over 34,Black/African/Caribbean/Black British - Any other Black/African/Caribbean background,Black,Police and Criminal Evidence Act 1984 (section 1),Stolen goods,Nothing found - no further action,True,False
Person search,2017-05-07T20:30:00+00:00,,,51.517000,-0.177458,Female,over 34,Black/African/Caribbean/Black British - Caribbean,Black,Police and Criminal Evidence Act 1984 (section 1),Stolen goods,Nothing found - no further action,True,False
Person search,2017-05-07T22:00:00+00:00,,,51.143300,0.875130,Male,18-24,Black/African/Caribbean/Black British - Caribbean,Black,Misuse of Drugs Act 1971 (section 23),Controlled drugs,Nothing found - no further action,True,False
Person search,2017-05-08T12:50:00+00:00,,,52.025800,-0.266355,Male,over 34,White - English/Welsh/Scottish/Northern Irish/British,White,Police and Criminal Evidence Act 1984 (section 1),Article for use in theft,Suspect arrested,True,False
Person search,2017-05-09T12:45:00+00:00,,,52.383900,-2.238640,,25-34,White - English/Welsh/Scottish/Northern Irish/British,White,Police and Criminal Evidence Act 1984 (section 1),Article for use in theft,Nothing found - no further action,True,False
Person and Vehicle search,2017-05-09T15:00:00+00:00,,,51.511300,-0.056945,Female,25-34,Asian/Asian British - Bangladeshi,Asian,Misuse of Drugs Act 1971 (section 23),Controlled drugs,Nothing found - no further action,True,False
Person search,2017-05-09T22:15:00+00:00,,,53.394600,-3.014110,Male,over 34,White - English/Welsh/Scottish/Northern Irish/British,White,Misuse of Drugs Act 1971 (section 23),Controlled drugs,Nothing found - no further action,True,False
Person search,2017-05-09T22:15:00+00:00,,,53.394600,-3.014110,Female,,White - English/Welsh/Scottish/Northern Irish/British,White,Misuse of Drugs Act 1971 (section 23),Controlled drugs,Nothing found - no further action,True,False
Person search,2017-05-10T15:20:00+00:00,,,51.560300,0.507025,Male,18-24,White - English/Welsh/Scottish/Northern Irish/British,White,Misuse of Drugs Act 1971 (section 23),Controlled drugs,Suspect summonsed to court,True,False
Person search,2017-05-10T15:32:00+00:00,,,53.588700,-1.023470,Male,over 34,White - English/Welsh/Scottish/Northern Irish/British,White,Police and Criminal Evidence Act 1984 (section 1),Stolen goods,Suspect arrested,True,False
Person search,2017-05-10T22:09:00+00:00,,,51.502900,-0.113136,Male,over 34,White - English/Welsh/Scottish/Northern Irish/British,White,Police and Criminal Evidence Act 1984 (section 1),Stolen goods,Nothing found - no further action,True,False
Person search,2017-05-12T16:35:00+00:00,,,53.476900,-2.230050,Male,over 34,White - English/Welsh/Scottish/Northern Irish/British,White,Police and Criminal Evidence Act 1984 (section 1),Stolen goods,Suspect summonsed to court,True,False
Person search,2017-05-12T19:45:00+00:00,,,51.375400,-0.097562,Male,18-24,White - English/Welsh/Scottish/Northern Irish/British,White,Misuse of Drugs Act 1971 (section 23),Controlled drugs,Suspect summonsed to court,True,False
Person search,2017-05-12T20:30:00+00:00,,,51.556500,-0.005640,Male,25-34,Asian/Asian British - Pakistani,Asian,Misuse of Drugs Act 1971 (section 23),Controlled drugs,Nothing found - no further action,True,False
Person search,2017-05-13T01:23:00+00:00,,,51.523300,-0.183966,Male,25-34,Mixed/Multiple ethnic groups - White and Black Caribbean,Black,Misuse of Drugs Act 1971 (section 23),Controlled drugs,Nothing found - no further action,True,False
Person search,2017-05-13T08:00:00+00:00,,,51.465800,-0.014286,Male,18-24,Asian/Asian British - Chinese,Other,Misuse of Drugs Act 1971 (section 23),Controlled drugs,Offender given drugs possession warning,True,False
Person search,2017-05-13T20:10:00+00:00,,,51.582500,-0.074846,Male,,White - English/Welsh/Scottish/Northern Irish/British,White,Police and Criminal Evidence Act 1984 (section 1),Offensive weapons,Nothing found - no further action,True,False
Person search,2017-05-13T20:10:00+00:00,,,51.582500,-0.074846,Male,10-17,White - English/Welsh/Scottish/Northern Irish/British,White,Police and Criminal Evidence Act 1984 (section 1),Offensive weapons,Nothing found - no further action,True,False
Person search,2017-05-13T22:00:00+00:00,,,51.905400,-0.458493,Male,10-17,Black/African/Caribbean/Black British - Caribbean,Black,Police and Criminal Evidence Act 1984 (section 1),Offensive weapons,Nothing found - no further action,True,False
Person search,2017-05-13T22:05:00+00:00,,,51.905400,-0.458493,Male,10-17,Asian/Asian British - Any other Asian background,Asian,Police and Criminal Evidence Act 1984 (section 1),Offensive weapons,Nothing found - no further action,True,False
Person search,2017-05-14T03:40:00+00:00,,,53.431900,-1.360920,Male,over 34,White - English/Welsh/Scottish/Northern Irish/British,White,Police and Criminal Evidence Act 1984 (section 1),Article for use in theft,Nothing found - no further action,True,False
Person search,2017-05-14T11:10:00+00:00,,,51.392800,-0.089068,Male,18-24,White - English/Welsh/Scottish/Northern Irish/British,White,Misuse of Drugs Act 1971 (section 23),Controlled drugs,Nothing found - no further action,True,False
Person search,2017-05-14T17:05:00+00:00,,,52.477800,-1.898950,,over 34,Asian/Asian British - Bangladeshi,Asian,Police and Criminal Evidence Act 1984 (section 1),Offensive weapons,Nothing found - no further action,True,False
Person search,2017-05-15T01:20:00+00:00,,,51.672100,-3.535980,Female,over 34,White - English/Welsh/Scottish/Northern Irish/British,White,Police and Criminal Evidence Act 1984 (section 1),Article for use in theft,Suspect arrested,True,False
Person search,2017-05-15T07:15:00+00:00,,,52.477800,-1.898950,Male,25-34,White - English/Welsh/Scottish/Northern Irish/British,White,Police and Criminal Evidence Act 1984 (section 1),Stolen goods,Suspect arrested,True,False
Person search,2017-05-15T12:00:00+00:00,,,52.587700,-2.120030,,25-34,Black/African/Caribbean/Black British - African,Black,Police and Criminal Evidence Act 1984 (section 1),Offensive weapons,Nothing found - no further action,True,False
Person search,2017-05-15T15:35:00+00:00,,,51.374900,-0.092657,Male,25-34,White - English/Welsh/Scottish/Northern Irish/British,White,Misuse of Drugs Act 1971 (section 23),Controlled drugs,Nothing found - no further action,True,False
Person search,2017-05-15T21:25:00+00:00,,,51.517000,-0.177458,Female,over 34,White - Any other White background,White,Police and Criminal Evidence Act 1984 (section 1),Stolen goods,Local resolution,True,False
Person search,2017-05-15T21:25:00+00:00,,,51.517000,-0.177458,Female,over 34,White - Any other White background,White,Police and Criminal Evidence Act 1984 (section 1),Stolen goods,Local resolution,True,False
Person search,2017-05-16T15:10:00+00:00,,,51.579000,-0.337349,Male,18-24,White - English/Welsh/Scottish/Northern Irish/British,White,Firearms Act 1968 (section 47),Firearms,Nothing found - no further action,True,False
Person search,2017-05-16T15:30:00+00:00,,,51.517000,-0.177458,Male,over 34,White - Any other White background,White,Police and Criminal Evidence Act 1984 (section 1),Stolen goods,Nothing found - no further action,True,False
Person search,2017-05-17T09:00:00+00:00,,,53.476900,-2.230050,,25-34,White - English/Welsh/Scottish/Northern Irish/British,White,Police and Criminal Evidence Act 1984 (section 1),Offensive weapons,Nothing found - no further action,True,False
Person search,2017-05-17T10:59:00+00:00,,,50.857900,0.573745,Male,25-34,White - Any other White background,White,Misuse of Drugs Act 1971 (section 23),Controlled drugs,Nothing found - no further action,True,False
Person search,2017-05-17T12:15:00+00:00,,,50.855700,0.560666,Male,10-17,White - English/Welsh/Scottish/Northern Irish/British,White,Misuse of Drugs Act 1971 (section 23),Controlled drugs,Nothing found - no further action,True,False
Person search,2017-05-17T13:20:00+00:00,,,52.034100,-0.774543,,10-17,White - English/Welsh/Scottish/Northern Irish/British,White,Police and Criminal Evidence Act 1984 (section 1),Offensive weapons,Nothing found - no further action,True,False
Person search,2017-05-17T14:28:00+00:00,,,51.464500,-0.170493,Male,25-34,White - Any other White background,White,Misuse of Drugs Act 1971 (section 23),Controlled drugs,Offender given drugs possession warning,True,False
Person search,2017-05-17T17:00:00+00:00,,,52.947300,-1.145410,Male,over 34,White - English/Welsh/Scottish/Northern Irish/British,White,Police and Criminal Evidence Act 1984 (section 1),Article for use in theft,Nothing found - no further action,True,False
Vehicle search,2017-05-17T18:15:00+00:00,,,51.510000,-0.472293,Male,25-34,White - English/Welsh/Scottish/Northern Irish/British,White,Police and Criminal Evidence Act 1984 (section 6),,Nothing found - no further action,True,False
Person search,2017-05-18T17:48:00+00:00,,,53.407900,-2.977600,Male,18-24,White - Any other White background,White,Misuse of Drugs Act 1971 (section 23),,Nothing found - no further action,True,False
Person search,2017-05-18T19:42:00+00:00,,,51.663100,-0.094302,Male,10-17,Black/African/Caribbean/Black British - Any other Black/African/Caribbean background,Black,Misuse of Drugs Act 1971 (section 23),Controlled drugs,Suspect arrested,True,False
Person search,2017-05-18T21:25:00+00:00,,,51.663100,-0.094302,Male,10-17,Black/African/Caribbean/Black British - African,Black,Misuse of Drugs Act 1971 (section 23),Controlled drugs,Nothing found - no further action,True,False
Person search,2017-05-18T21:25:00+00:00,,,51.663100,-0.094302,Male,10-17,Black/African/Caribbean/Black British - Any other Black/African/Caribbean background,Black,Misuse of Drugs Act 1971 (section 23),Controlled drugs,Nothing found - no further action,True,False
Person search,2017-05-19T11:30:00+00:00,,,51.532500,-0.126010,Male,over 34,White - English/Welsh/Scottish/Northern Irish/British,White,Police and Criminal Evidence Act 1984 (section 1),Offensive weapons,Nothing found - no further action,True,False
Person search,2017-05-19T18:00:00+00:00,,,51.495400,-0.143700,Male,18-24,White - Any other White background,White,Firearms Act 1968 (section 47),Firearms,Nothing found - no further action,True,False
Person search,2017-05-19T18:00:00+00:00,,,51.495400,-0.143700,Male,18-24,White - English/Welsh/Scottish/Northern Irish/British,White,Firearms Act 1968 (section 47),Firearms,Nothing found - no further action,True,False
Person search,2017-05-19T21:10:00+00:00,,,53.452400,-2.327340,Male,10-17,White - English/Welsh/Scottish/Northern Irish/British,White,Misuse of Drugs Act 1971 (section 23),Controlled drugs,Nothing found - no further action,True,False
Person and Vehicle search,2017-05-19T21:45:00+00:00,,,53.603300,-0.956681,Male,18-24,White - English/Welsh/Scottish/Northern Irish/British,White,Misuse of Drugs Act 1971 (section 23),Controlled drugs,Suspect summonsed to court,True,False
Person search,2017-05-19T21:45:00+00:00,,,53.603300,-0.956681,Male,18-24,White - English/Welsh/Scottish/Northern Irish/British,White,Misuse of Drugs Act 1971 (section 23),Controlled drugs,Nothing found - no further action,True,False
Person search,2017-05-20T19:35:00+00:00,,,53.794800,-1.549110,Male,over 34,White - English/Welsh/Scottish/Northern Irish/British,White,Police and Criminal Evidence Act 1984 (section 1),Stolen goods,Nothing found - no further action,True,False
Person search,2017-05-20T21:33:00+00:00,,,51.564500,-0.105683,Male,25-34,Black/African/Caribbean/Black British - African,Black,Misuse of Drugs Act 1971 (section 23),Controlled drugs,Nothing found - no further action,True,False
Person search,2017-05-20T22:45:00+00:00,,,51.541700,-0.003177,Male,18-24,Asian/Asian British - Bangladeshi,Asian,Police and Criminal Evidence Act 1984 (section 1),Offensive weapons,Nothing found - no further action,True,False
Person search,2017-05-20T22:45:00+00:00,,,51.541700,-0.003177,Male,25-34,Black/African/Caribbean/Black British - African,Black,Police and Criminal Evidence Act 1984 (section 1),Offensive weapons,Nothing found - no further action,True,False
Person search,2017-05-20T22:45:00+00:00,,,51.882300,-0.413893,Male,25-34,White - English/Welsh/Scottish/Northern Irish/British,White,Misuse of Drugs Act 1971 (section 23),Controlled drugs,Suspect arrested,True,False
Person search,2017-05-20T22:45:00+00:00,,,51.541700,-0.003177,Male,18-24,Asian/Asian British - Indian,Asian,Police and Criminal Evidence Act 1984 (section 1),Offensive weapons,Nothing found - no further action,True,False
Person search,2017-05-21T13:04:00+00:00,,,52.631400,-1.125300,,25-34,White - English/Welsh/Scottish/Northern Irish/British,White,Misuse of Drugs Act 1971 (section 23),Controlled drugs,Nothing found - no further action,True,False
Person search,2017-05-21T13:04:00+00:00,,,52.631400,-1.125300,Male,25-34,White - English/Welsh/Scottish/Northern Irish/British,White,Misuse of Drugs Act 1971 (section 23),Controlled drugs,Nothing found - no further action,True,False
Person search,2017-05-21T13:35:00+00:00,,,51.486800,0.030798,Male,25-34,White - Any other White background,White,Misuse of Drugs Act 1971 (section 23),Controlled drugs,Nothing found - no further action,True,False
Person search,2017-05-21T19:45:00+00:00,,,51.882300,-0.413893,Male,25-34,White - English/Welsh/Scottish/Northern Irish/British,White,Police and Criminal Evidence Act 1984 (section 1),Article for use in theft,Nothing found - no further action,True,False
Person search,2017-05-21T20:55:00+00:00,,,50.729200,-3.543310,Male,18-24,White - English/Welsh/Scottish/Northern Irish/British,White,Misuse of Drugs Act 1971 (section 23),Controlled drugs,Suspect arrested,True,False
Person search,2017-05-21T20:55:00+00:00,,,50.729200,-3.543310,Male,10-17,White - English/Welsh/Scottish/Northern Irish/British,White,Misuse of Drugs Act 1971 (section 23),Controlled drugs,Nothing found - no further action,True,False
Person search,2017-05-22T01:00:00+00:00,,,51.534000,-0.205589,Male,25-34,White - Any other White background,White,Police and Criminal Evidence Act 1984 (section 1),Article for use in theft,Nothing found - no further action,True,False
Person search,2017-05-22T08:45:00+00:00,,,51.706300,-0.437946,Male,18-24,White - English/Welsh/Scottish/Northern Irish/British,White,Misuse of Drugs Act 1971 (section 23),Controlled drugs,Offender given drugs possession warning,True,False
Person search,2017-05-22T08:45:00+00:00,,,51.706300,-0.437946,Male,,White - English/Welsh/Scottish/Northern Irish/British,White,Misuse of Drugs Act 1971 (section 23),Controlled drugs,Nothing found - no further action,True,False
Person search,2017-05-22T08:50:00+00:00,,,51.706300,-0.437946,Male,25-34,White - English/Welsh/Scottish/Northern Irish/British,White,Misuse of Drugs Act 1971 (section 23),Controlled drugs,Nothing found - no further action,True,False
Person search,2017-05-23T01:55:00+00:00,,,51.574400,-0.076667,Male,25-34,White - Any other White background,White,Misuse of Drugs Act 1971 (section 23),Controlled drugs,Nothing found - no further action,True,False
Person search,2017-05-23T09:45:00+00:00,,,53.407900,-2.977600,Male,25-34,White - English/Welsh/Scottish/Northern Irish/British,White,Police and Criminal Evidence Act 1984 (section 1),Stolen goods,Suspect arrested,True,False
Person search,2017-05-23T19:10:00+00:00,,,51.517000,-0.177458,Male,18-24,Black/African/Caribbean/Black British - Any other Black/African/Caribbean background,Black,Misuse of Drugs Act 1971 (section 23),Controlled drugs,Nothing found - no further action,True,False
Person search,2017-05-23T19:35:00+00:00,,,51.800700,-0.203719,Male,,White - Any other White background,White,Police and Criminal Evidence Act 1984 (section 1),Offensive weapons,Nothing found - no further action,True,False
Person and Vehicle search,2017-05-23T23:00:00+00:00,,,51.905400,-0.458493,Male,18-24,White - English/Welsh/Scottish/Northern Irish/British,Asian,Misuse of Drugs Act 1971 (section 23),Controlled drugs,Nothing found - no further action,True,False
Person search,2017-05-23T23:25:00+00:00,,,51.905400,-0.458493,Male,18-24,Asian/Asian British - Pakistani,Asian,Misuse of Drugs Act 1971 (section 23),Controlled drugs,Nothing found - no further action,True,False
Person search,2017-05-23T23:25:00+00:00,,,51.905400,-0.458493,Male,18-24,Asian/Asian British - Pakistani,Asian,Misuse of Drugs Act 1971 (section 23),Controlled drugs,Nothing found - no further action,True,False
Person search,2017-05-24T09:50:00+00:00,,,52.947300,-1.145410,,25-34,White - English/Welsh/Scottish/Northern Irish/British,White,Police and Criminal Evidence Act 1984 (section 1),Offensive weapons,Nothing found - no further action,True,False
Person search,2017-05-24T09:50:00+00:00,,,52.947300,-1.145410,,25-34,White - English/Welsh/Scottish/Northern Irish/British,White,Police and Criminal Evidence Act 1984 (section 1),Offensive weapons,Nothing found - no further action,True,False
Person search,2017-05-24T09:50:00+00:00,,,52.916100,-1.463310,,25-34,White - English/Welsh/Scottish/Northern Irish/British,White,Police and Criminal Evidence Act 1984 (section 1),Offensive weapons,Nothing found - no further action,True,False
Person search,2017-05-24T09:50:00+00:00,,,52.947300,-1.145410,,25-34,White - English/Welsh/Scottish/Northern Irish/British,White,Police and Criminal Evidence Act 1984 (section 1),Offensive weapons,Nothing found - no further action,True,False
Person search,2017-05-24T09:50:00+00:00,,,52.916100,-1.463310,,25-34,White - English/Welsh/Scottish/Northern Irish/British,White,Police and Criminal Evidence Act 1984 (section 1),Offensive weapons,Nothing found - no further action,True,False
Person search,2017-05-24T09:50:00+00:00,,,52.947300,-1.145410,,25-34,White - English/Welsh/Scottish/Northern Irish/British,White,Police and Criminal Evidence Act 1984 (section 1),Offensive weapons,Nothing found - no further action,True,False
Person search,2017-05-24T09:50:00+00:00,,,52.916100,-1.463310,,25-34,White - English/Welsh/Scottish/Northern Irish/British,White,Police and Criminal Evidence Act 1984 (section 1),Offensive weapons,Nothing found - no further action,True,False
Person search,2017-05-24T09:50:00+00:00,,,52.916100,-1.463310,,25-34,White - English/Welsh/Scottish/Northern Irish/British,White,Police and Criminal Evidence Act 1984 (section 1),Offensive weapons,Nothing found - no further action,True,False
Person search,2017-05-24T12:15:00+00:00,,,51.517000,-0.177458,Male,over 34,White - Any other White background,White,Police and Criminal Evidence Act 1984 (section 1),Stolen goods,Nothing found - no further action,True,False
Person search,2017-05-24T14:00:00+00:00,,,51.519100,-0.188256,,,Mixed/Multiple ethnic groups - White and Asian,White,Misuse of Drugs Act 1971 (section 23),Controlled drugs,Nothing found - no further action,True,False
Person search,2017-05-24T14:28:00+00:00,,,51.800700,-0.203719,Male,18-24,Black/African/Caribbean/Black British - African,Black,Misuse of Drugs Act 1971 (section 23),Controlled drugs,Offender given drugs possession warning,True,False
Person search,2017-05-24T15:35:00+00:00,,,51.517400,-0.082914,Male,25-34,White - Any other White background,White,Misuse of Drugs Act 1971 (section 23),Controlled drugs,Nothing found - no further action,True,False
Person search,2017-05-25T03:30:00+00:00,,,53.476900,-2.230050,Other,,White - English/Welsh/Scottish/Northern Irish/British,White,Police and Criminal Evidence Act 1984 (section 1),Stolen goods,Suspect arrested,True,False
Person search,2017-05-25T03:30:00+00:00,,,53.476900,-2.230050,Male,18-24,White - English/Welsh/Scottish/Northern Irish/British,White,Police and Criminal Evidence Act 1984 (section 1),Stolen goods,Suspect arrested,True,False
Person search,2017-05-25T09:48:00+00:00,,,51.517400,-0.082914,Male,over 34,White - English/Welsh/Scottish/Northern Irish/British,White,Police and Criminal Evidence Act 1984 (section 1),Stolen goods,Nothing found - no further action,True,False
Person search,2017-05-25T10:56:00+00:00,,,51.517000,-0.177458,Male,over 34,White - English/Welsh/Scottish/Northern Irish/British,White,Police and Criminal Evidence Act 1984 (section 1),Stolen goods,Suspect summonsed to court,True,False
Person search,2017-05-25T10:56:00+00:00,,,51.517000,-0.177458,Male,over 34,White - English/Welsh/Scottish/Northern Irish/British,White,Police and Criminal Evidence Act 1984 (section 1),Stolen goods,Suspect summonsed to court,True,False
Person search,2017-05-25T20:55:00+00:00,,,51.374900,-0.092657,Male,25-34,White - English/Welsh/Scottish/Northern Irish/British,White,Misuse of Drugs Act 1971 (section 23),Controlled drugs,Nothing found - no further action,True,False
Person search,2017-05-26T08:20:00+00:00,,,51.517400,-0.082914,Male,10-17,Black/African/Caribbean/Black British - Caribbean,Black,Misuse of Drugs Act 1971 (section 23),Controlled drugs,Nothing found - no further action,True,False
Person search,2017-05-26T16:20:00+00:00,,,52.060400,-1.327740,,18-24,Black/African/Caribbean/Black British - Caribbean,Black,Police and Criminal Evidence Act 1984 (section 1),Offensive weapons,Nothing found - no further action,True,False
Person search,2017-05-26T19:30:00+00:00,,,51.532500,-0.126010,Female,over 34,White - English/Welsh/Scottish/Northern Irish/British,White,Police and Criminal Evidence Act 1984 (section 1),Stolen goods,Suspect arrested,True,False
Person search,2017-05-26T22:05:00+00:00,,,51.463100,-0.301408,Male,18-24,Black/African/Caribbean/Black British - Caribbean,Black,Misuse of Drugs Act 1971 (section 23),Controlled drugs,Suspect arrested,True,False
Person search,2017-05-27T06:25:00+00:00,,,52.711100,-2.749320,Female,over 34,Asian/Asian British - Any other Asian background,Asian,Police and Criminal Evidence Act 1984 (section 1),Offensive weapons,Nothing found - no further action,True,False
Person search,2017-05-27T15:55:00+00:00,,,51.401700,-0.562131,Male,over 34,Asian/Asian British - Pakistani,Asian,Police and Criminal Evidence Act 1984 (section 1),Offensive weapons,Nothing found - no further action,True,False
Person search,2017-05-27T16:05:00+00:00,,,50.829600,-0.141408,Male,25-34,White - English/Welsh/Scottish/Northern Irish/British,White,Misuse of Drugs Act 1971 (section 23),Controlled drugs,Nothing found - no further action,True,False
Person and Vehicle search,2017-05-27T16:10:00+00:00,,,51.401700,-0.562131,Male,over 34,Asian/Asian British - Indian,Asian,Police and Criminal Evidence Act 1984 (section 1),,Local resolution,True,False
Person search,2017-05-27T16:15:00+00:00,,,51.156300,-0.160917,,10-17,White - English/Welsh/Scottish/Northern Irish/British,White,Misuse of Drugs Act 1971 (section 23),Controlled drugs,Nothing found - no further action,True,False
Person search,2017-05-27T17:10:00+00:00,,,51.156300,-0.160917,Male,10-17,White - English/Welsh/Scottish/Northern Irish/British,White,Misuse of Drugs Act 1971 (section 23),Controlled drugs,Nothing found - no further action,True,False
Person search,2017-05-27T17:15:00+00:00,,,51.156300,-0.160917,Male,10-17,White - English/Welsh/Scottish/Northern Irish/British,White,Misuse of Drugs Act 1971 (section 23),Controlled drugs,Nothing found - no further action,True,False
Person search,2017-05-27T17:30:00+00:00,,,53.196700,-2.879830,Female,,White - English/Welsh/Scottish/Northern Irish/British,White,Misuse of Drugs Act 1971 (section 23),Controlled drugs,Nothing found - no further action,True,False
Person search,2017-05-27T20:00:00+00:00,,,51.546200,-0.103977,Male,25-34,White - English/Welsh/Scottish/Northern Irish/British,White,Misuse of Drugs Act 1971 (section 23),Controlled drugs,Nothing found - no further action,True,False
Person search,2017-05-27T20:48:00+00:00,,,51.799200,-0.072903,Male,over 34,White - English/Welsh/Scottish/Northern Irish/British,White,Misuse of Drugs Act 1971 (section 23),Controlled drugs,Nothing found - no further action,True,False
Person search,2017-05-28T01:20:00+00:00,,,53.794800,-1.549110,Male,25-34,White - English/Welsh/Scottish/Northern Irish/British,White,Misuse of Drugs Act 1971 (section 23),Controlled drugs,Nothing found - no further action,True,False
Vehicle search,2017-05-28T14:15:00+00:00,,,51.517000,-0.177458,Female,over 34,Other ethnic group - Any other ethnic group,,Police and Criminal Evidence Act 1984 (section 6),,Nothing found - no further action,True,False
Person search,2017-05-28T19:25:00+00:00,,,50.717000,-3.538760,Male,over 34,White - English/Welsh/Scottish/Northern Irish/British,White,Misuse of Drugs Act 1971 (section 23),Controlled drugs,Nothing found - no further action,True,False
Person search,2017-05-28T19:25:00+00:00,,,50.717000,-3.538760,Male,25-34,White - English/Welsh/Scottish/Northern Irish/British,White,Misuse of Drugs Act 1971 (section 23),Controlled drugs,Nothing found - no further action,True,False
Person search,2017-05-29T04:00:00+00:00,,,51.449800,-2.580470,,,White - English/Welsh/Scottish/Northern Irish/British,White,Misuse of Drugs Act 1971 (section 23),Controlled drugs,Suspect arrested,True,False
Person search,2017-05-29T07:10:00+00:00,,,51.517400,-0.120207,Male,18-24,White - Any other White background,White,Police and Criminal Evidence Act 1984 (section 1),Offensive weapons,Nothing found - no further action,True,False
Person search,2017-05-29T10:04:00+00:00,,,51.143300,0.875130,,,Black/African/Caribbean/Black British - Any other Black/African/Caribbean background,Black,Police and Criminal Evidence Act 1984 (section 1),Stolen goods,Nothing found - no further action,True,False
Person search,2017-05-29T15:45:00+00:00,,,51.515300,-0.141986,Male,25-34,White - Any other White background,White,Police and Criminal Evidence Act 1984 (section 1),Stolen goods,Suspect arrested,True,False
Person search,2017-05-29T16:08:00+00:00,,,51.554600,-0.286031,,,White - Any other White background,White,Misuse of Drugs Act 1971 (section 23),Controlled drugs,Nothing found - no further action,True,False
Person search,2017-05-29T18:30:00+00:00,,,51.182400,0.389458,Male,over 34,White - Any other White background,White,Police and Criminal Evidence Act 1984 (section 1),Offensive weapons,Nothing found - no further action,True,False
Person search,2017-05-29T18:35:00+00:00,,,51.508200,-0.124873,Male,over 34,White - English/Welsh/Scottish/Northern Irish/British,White,Police and Criminal Evidence Act 1984 (section 1),Stolen goods,Suspect arrested,True,False
Person search,2017-05-29T22:15:00+00:00,,,51.374000,-0.098586,Male,over 34,White - English/Welsh/Scottish/Northern Irish/British,White,Misuse of Drugs Act 1971 (section 23),Controlled drugs,Nothing found - no further action,True,False
Person search,2017-05-30T13:10:00+00:00,,,51.542000,-0.139540,Male,25-34,White - Any other White background,White,Misuse of Drugs Act 1971 (section 23),Controlled drugs,Suspect arrested,True,False
Person search,2017-05-30T13:15:00+00:00,,,51.542000,-0.139540,,25-34,White - Any other White background,White,Misuse of Drugs Act 1971 (section 23),Controlled drugs,Nothing found - no further action,True,False
Person search,2017-05-30T14:45:00+00:00,,,51.449800,-2.580470,,over 34,White - English/Welsh/Scottish/Northern Irish/British,White,Police and Criminal Evidence Act 1984 (section 1),Stolen goods,Suspect arrested,True,False
Person search,2017-05-30T14:45:00+00:00,,,51.449800,-2.580470,Male,over 34,White - English/Welsh/Scottish/Northern Irish/British,White,Police and Criminal Evidence Act 1984 (section 1),Stolen goods,Suspect arrested,True,False
Person search,2017-05-30T18:00:00+00:00,,,51.541700,-0.003177,,18-24,White - Any other White background,White,Police and Criminal Evidence Act 1984 (section 1),Stolen goods,Nothing found - no further action,True,False
Person search,2017-05-30T20:25:00+00:00,,,51.576600,-0.397225,,25-34,White - English/Welsh/Scottish/Northern Irish/British,White,Misuse of Drugs Act 1971 (section 23),Controlled drugs,Nothing found - no further action,True,False
Person search,2017-05-31T07:10:00+00:00,,,51.464500,-0.170493,Male,18-24,White - English/Welsh/Scottish/Northern Irish/British,White,Misuse of Drugs Act 1971 (section 23),Controlled drugs,Suspect summonsed to court,True,False
Person search,2017-05-31T07:10:00+00:00,,,51.464500,-0.170493,Male,18-24,White - English/Welsh/Scottish/Northern Irish/British,White,Misuse of Drugs Act 1971 (section 23),Controlled drugs,Suspect summonsed to court,True,False
Person search,2017-05-31T07:25:00+00:00,,,51.464500,-0.170493,Female,18-24,White - English/Welsh/Scottish/Northern Irish/British,White,Misuse of Drugs Act 1971 (section 23),Controlled drugs,Suspect summonsed to court,True,False
Person search,2017-05-31T07:25:00+00:00,,,51.464500,-0.170493,Female,18-24,White - English/Welsh/Scottish/Northern Irish/British,White,Misuse of Drugs Act 1971 (section 23),Controlled drugs,Suspect summonsed to court,True,False
Person search,2017-05-31T09:10:00+00:00,,,51.318600,-0.557111,Female,25-34,White - English/Welsh/Scottish/Northern Irish/British,White,Police and Criminal Evidence Act 1984 (section 1),Article for use in theft,Nothing found - no further action,True,False
Person search,2017-05-31T10:00:00+00:00,,,51.625200,-3.941010,Male,25-34,White - English/Welsh/Scottish/Northern Irish/British,White,Misuse of Drugs Act 1971 (section 23),Controlled drugs,Nothing found - no further action,True,False
Person search,2017-05-31T10:00:00+00:00,,,51.625200,-3.941010,Male,25-34,White - English/Welsh/Scottish/Northern Irish/British,White,Misuse of Drugs Act 1971 (section 23),Controlled drugs,Nothing found - no further action,True,False
Person search,2017-05-31T16:20:00+00:00,,,53.407900,-2.977600,Male,10-17,White - English/Welsh/Scottish/Northern Irish/British,White,Misuse of Drugs Act 1971 (section 23),Controlled drugs,Nothing found - no further action,True,False
Person search,2017-05-31T17:47:00+00:00,,,53.407900,-2.977600,Male,25-34,White - English/Welsh/Scottish/Northern Irish/British,White,Police and Criminal Evidence Act 1984 (section 1),Stolen goods,Nothing found - no further action,True,False
Person search,2017-05-31T17:47:00+00:00,,,53.407900,-2.977600,Male,10-17,White - English/Welsh/Scottish/Northern Irish/British,White,Police and Criminal Evidence Act 1984 (section 1),Stolen goods,Nothing found - no further action,True,False
Person search,2017-05-31T19:20:00+00:00,,,51.361000,-0.348081,Male,18-24,White - Any other White background,White,Misuse of Drugs Act 1971 (section 23),Controlled drugs,Suspect summonsed to court,True,False
