Type,Date,Part of a policing operation,Policing operation,Latitude,Longitude,Gender,Age range,Self-defined ethnicity,Officer-defined ethnicity,Legislation,Object of search,Outcome,Outcome linked to object of search,Removal of more than just outer clothing
Person search,2017-11-01T01:50:00+00:00,,,51.277700,0.520142,Female,18-24,Black/African/Caribbean/Black British - Caribbean,Black,Misuse of Drugs Act 1971 (section 23),Controlled drugs,A no further action disposal,True,False
Person search,2017-11-01T01:50:00+00:00,,,51.277700,0.520142,Female,18-24,Black/African/Caribbean/Black British - Caribbean,Black,Misuse of Drugs Act 1971 (section 23),Controlled drugs,A no further action disposal,True,False
Person search,2017-11-01T02:45:00+00:00,,,53.476900,-2.230050,,18-24,White - Irish,White,Police and Criminal Evidence Act 1984 (section 1),,A no further action disposal,True,False
Person search,2017-11-01T03:00:00+00:00,,,53.476900,-2.230050,Male,25-34,White - Irish,White,Police and Criminal Evidence Act 1984 (section 1),,A no further action disposal,True,False
Person search,2017-11-01T09:00:00+00:00,,,51.464500,-0.170493,Male,10-17,Black/African/Caribbean/Black British - Caribbean,Black,Police and Criminal Evidence Act 1984 (section 1),Stolen goods,Summons / charged by post,True,False
Person search,2017-11-01T09:00:00+00:00,,,51.464500,-0.170493,Male,10-17,Black/African/Caribbean/Black British - Caribbean,Black,Police and Criminal Evidence Act 1984 (section 1),Stolen goods,Summons / charged by post,True,False
Person search,2017-11-01T16:30:00+00:00,,,52.574500,-0.250385,Male,18-24,White - English/Welsh/Scottish/Northern Irish/British,White,Misuse of Drugs Act 1971 (section 23),Article for use in theft,A no further action disposal,True,False
Person search,2017-11-01T21:12:00+00:00,,,51.511300,-0.056945,Female,over 34,Black/African/Caribbean/Black British - Any other Black/African/Caribbean background,Black,Misuse of Drugs Act 1971 (section 23),Controlled drugs,A no further action disposal,True,False
Person search,2017-11-02T00:15:00+00:00,,,53.476900,-2.230050,,25-34,Asian/Asian British - Indian,,Misuse of Drugs Act 1971 (section 23),Controlled drugs,Arrest,True,False
Person search,2017-11-02T08:20:00+00:00,,,53.794800,-1.549110,Male,18-24,White - English/Welsh/Scottish/Northern Irish/British,White,Police and Criminal Evidence Act 1984 (section 1),Stolen goods,A no further action disposal,True,False
Person search,2017-11-02T09:50:00+00:00,,,51.532500,-0.126010,Female,25-34,Black/African/Caribbean/Black British - African,Other,Misuse of Drugs Act 1971 (section 23),Controlled drugs,Arrest,True,False
Person search,2017-11-02T14:14:00+00:00,,,51.465000,-0.129601,Male,18-24,Mixed/Multiple ethnic groups - Any other Mixed/Multiple ethnic background,Black,Misuse of Drugs Act 1971 (section 23),Stolen goods,A no further action disposal,False,False
Person search,2017-11-02T14:15:00+00:00,,,51.465000,-0.129601,Male,18-24,White - English/Welsh/Scottish/Northern Irish/British,White,Police and Criminal Evidence Act 1984 (section 1),Article for use in theft,A no further action disposal,True,False
Person search,2017-11-02T14:20:00+00:00,,,53.437500,-2.987480,Male,10-17,White - English/Welsh/Scottish/Northern Irish/British,White,Misuse of Drugs Act 1971 (section 23),Controlled drugs,A no further action disposal,True,False
Person search,2017-11-02T17:00:00+00:00,,,51.517000,-0.177458,Male,25-34,White - English/Welsh/Scottish/Northern Irish/British,White,Misuse of Drugs Act 1971 (section 23),Controlled drugs,A no further action disposal,True,False
Person search,2017-11-02T18:20:00+00:00,,,51.447900,0.218338,Male,18-24,White - English/Welsh/Scottish/Northern Irish/British,White,Misuse of Drugs Act 1971 (section 23),Controlled drugs,A no further action disposal,True,False
Person search,2017-11-02T19:25:00+00:00,,,51.523100,-0.157034,,,Other ethnic group - Not stated,White,Police and Criminal Evidence Act 1984 (section 1),Stolen goods,A no further action disposal,True,False
Person search,2017-11-02T21:55:00+00:00,,,51.374900,-0.092657,Male,18-24,White - English/Welsh/Scottish/Northern Irish/British,White,Misuse of Drugs Act 1971 (section 23),Controlled drugs,Khat or Cannabis warning,True,False
Person search,2017-11-03T05:00:00+00:00,,,51.374900,-0.092657,Male,10-17,White - English/Welsh/Scottish/Northern Irish/British,White,Police and Criminal Evidence Act 1984 (section 1),Article for use in theft,Arrest,True,False
Person search,2017-11-03T10:45:00+00:00,,,51.589700,-2.998600,Male,18-24,Other ethnic group - Not stated,White,Misuse of Drugs Act 1971 (section 23),Controlled drugs,Arrest,True,False
Person search,2017-11-03T15:20:00+00:00,,,51.495400,-0.143700,Male,18-24,Black/African/Caribbean/Black British - Caribbean,Black,Misuse of Drugs Act 1971 (section 23),Controlled drugs,Khat or Cannabis warning,True,False
Person search,2017-11-03T17:11:00+00:00,,,51.541700,-0.003177,Male,over 34,Black/African/Caribbean/Black British - Caribbean,Black,Police and Criminal Evidence Act 1984 (section 1),Stolen goods,Summons / charged by post,True,False
Person search,2017-11-03T17:20:00+00:00,,,51.495400,-0.143700,Male,18-24,Other ethnic group - Not stated,Asian,Misuse of Drugs Act 1971 (section 23),Controlled drugs,Summons / charged by post,True,False
Person search,2017-11-03T19:40:00+00:00,,,51.541700,-0.003177,Male,18-24,Black/African/Caribbean/Black British - Caribbean,Black,Police and Criminal Evidence Act 1984 (section 1),Stolen goods,Khat or Cannabis warning,False,False
Person search,2017-11-04T03:58:00+00:00,,,51.112100,-0.186688,Male,,Other ethnic group - Not stated,Asian,Misuse of Drugs Act 1971 (section 23),Controlled drugs,A no further action disposal,True,False
Person search,2017-11-04T07:50:00+00:00,,,53.958000,-1.093290,Male,10-17,White - English/Welsh/Scottish/Northern Irish/British,White,Misuse of Drugs Act 1971 (section 23),Controlled drugs,A no further action disposal,True,False
Person search,2017-11-04T19:35:00+00:00,,,51.481900,0.174750,,18-24,White - English/Welsh/Scottish/Northern Irish/British,White,Misuse of Drugs Act 1971 (section 23),Controlled drugs,Arrest,True,False
Person search,2017-11-04T20:41:00+00:00,,,51.517000,-0.177458,Male,18-24,Other ethnic group - Not stated,Black,Police and Criminal Evidence Act 1984 (section 1),Offensive weapons,A no further action disposal,True,False
Person search,2017-11-04T20:43:00+00:00,,,51.475600,-3.179590,Male,18-24,White - English/Welsh/Scottish/Northern Irish/British,White,Misuse of Drugs Act 1971 (section 23),Controlled drugs,,True,False
Person search,2017-11-04T20:45:00+00:00,,,51.517000,-0.177458,Male,18-24,White - Any other White background,White,Police and Criminal Evidence Act 1984 (section 1),,A no further action disposal,True,False
Person search,2017-11-04T21:00:00+00:00,,,51.517000,-0.177458,Male,10-17,White - English/Welsh/Scottish/Northern Irish/British,White,Police and Criminal Evidence Act 1984 (section 1),Offensive weapons,A no further action disposal,True,False
Person search,2017-11-04T21:05:00+00:00,,,53.958000,-1.093290,Female,25-34,White - English/Welsh/Scottish/Northern Irish/British,White,Misuse of Drugs Act 1971 (section 23),Controlled drugs,A no further action disposal,True,False
Person search,2017-11-04T23:05:00+00:00,,,51.447900,-0.409131,Male,18-24,Other ethnic group - Not stated,Black,Misuse of Drugs Act 1971 (section 23),Controlled drugs,Summons / charged by post,True,False
Person search,2017-11-05T00:06:00+00:00,,,51.382400,-0.123789,Male,18-24,Mixed/Multiple ethnic groups - White and Black Caribbean,Black,Police and Criminal Evidence Act 1984 (section 1),Offensive weapons,Summons / charged by post,False,False
Person search,2017-11-05T01:15:00+00:00,,,51.511300,-0.128262,Male,25-34,Asian/Asian British - Any other Asian background,Black,Misuse of Drugs Act 1971 (section 23),Controlled drugs,A no further action disposal,True,False
Person search,2017-11-05T02:30:00+00:00,,,,,Male,18-24,Asian/Asian British - Indian,Asian,Misuse of Drugs Act 1971 (section 23),Controlled drugs,A no further action disposal,True,False
Person search,2017-11-05T03:20:00+00:00,,,51.564500,-0.105683,Male,18-24,White - Any other White background,White,Misuse of Drugs Act 1971 (section 23),Controlled drugs,Arrest,True,False
Person search,2017-11-05T06:38:00+00:00,,,51.564500,-0.105683,Male,25-34,White - Any other White background,White,Misuse of Drugs Act 1971 (section 23),,A no further action disposal,True,False
Person search,2017-11-06T15:25:00+00:00,,,51.531800,-0.123189,Male,over 34,White - English/Welsh/Scottish/Northern Irish/British,White,Misuse of Drugs Act 1971 (section 23),Controlled drugs,A no further action disposal,True,False
Person search,2017-11-06T19:30:00+00:00,,,51.394800,0.106027,Male,18-24,White - English/Welsh/Scottish/Northern Irish/British,White,Police and Criminal Evidence Act 1984 (section 1),Articles for use in criminal damage,A no further action disposal,True,False
Person search,2017-11-06T22:20:00+00:00,,,53.407900,-2.977600,Male,over 34,Asian/Asian British - Indian,Asian,Misuse of Drugs Act 1971 (section 23),Controlled drugs,Khat or Cannabis warning,True,False
Person search,2017-11-07T13:45:00+00:00,,,51.514900,-0.301993,Male,over 34,White - Any other White background,White,Police and Criminal Evidence Act 1984 (section 1),Offensive weapons,Arrest,True,False
Person search,2017-11-07T15:30:00+00:00,,,51.386700,0.550495,Male,18-24,White - English/Welsh/Scottish/Northern Irish/British,White,Misuse of Drugs Act 1971 (section 23),Controlled drugs,A no further action disposal,True,False
Person search,2017-11-07T18:00:00+00:00,,,53.487900,-2.243670,,10-17,White - English/Welsh/Scottish/Northern Irish/British,White,Misuse of Drugs Act 1971 (section 23),Controlled drugs,A no further action disposal,True,False
Person search,2017-11-08T02:00:00+00:00,,,51.531800,-0.123189,Male,over 34,Asian/Asian British - Indian,Asian,Misuse of Drugs Act 1971 (section 23),Controlled drugs,A no further action disposal,True,False
Person search,2017-11-08T12:10:00+00:00,,,53.794800,-1.549110,Male,25-34,White - English/Welsh/Scottish/Northern Irish/British,White,Misuse of Drugs Act 1971 (section 23),Controlled drugs,A no further action disposal,True,False
Person search,2017-11-08T14:45:00+00:00,,,54.905600,-1.382410,,25-34,White - English/Welsh/Scottish/Northern Irish/British,White,Misuse of Drugs Act 1971 (section 23),Controlled drugs,Summons / charged by post,True,False
Person search,2017-11-08T14:45:00+00:00,,,54.905600,-1.382410,Male,over 34,White - English/Welsh/Scottish/Northern Irish/British,White,Misuse of Drugs Act 1971 (section 23),Controlled drugs,Summons / charged by post,True,False
Person search,2017-11-08T15:00:00+00:00,,,51.449800,-2.580470,,over 34,White - English/Welsh/Scottish/Northern Irish/British,White,Police and Criminal Evidence Act 1984 (section 1),,A no further action disposal,True,False
Person search,2017-11-08T18:25:00+00:00,,,51.462300,0.354209,Male,18-24,Black/African/Caribbean/Black British - Caribbean,Black,Misuse of Drugs Act 1971 (section 23),Controlled drugs,Summons / charged by post,True,False
Person search,2017-11-08T21:05:00+00:00,,,51.277700,0.520142,Male,18-24,White - English/Welsh/Scottish/Northern Irish/British,White,Misuse of Drugs Act 1971 (section 23),Controlled drugs,Summons / charged by post,True,False
Person search,2017-11-08T21:10:00+00:00,,,51.303600,-0.636037,Male,18-24,Other ethnic group - Not stated,White,Misuse of Drugs Act 1971 (section 23),Controlled drugs,Summons / charged by post,True,False
Person search,2017-11-09T02:10:00+00:00,,,51.345700,0.130603,Male,18-24,White - Any other White background,White,Police and Criminal Evidence Act 1984 (section 1),Offensive weapons,A no further action disposal,True,False
Person search,2017-11-09T10:30:00+00:00,,,51.541800,0.711492,Male,over 34,Asian/Asian British - Any other Asian background,Asian,Police and Criminal Evidence Act 1984 (section 1),,A no further action disposal,True,False
Person search,2017-11-09T10:30:00+00:00,,,51.541800,0.711492,Male,over 34,Asian/Asian British - Indian,White,Police and Criminal Evidence Act 1984 (section 1),Stolen goods,A no further action disposal,True,False
Person search,2017-11-09T13:45:00+00:00,,,51.532500,-0.126010,Male,25-34,White - Any other White background,White,Police and Criminal Evidence Act 1984 (section 1),Stolen goods,A no further action disposal,True,False
Person search,2017-11-09T14:15:00+00:00,,,53.958000,-1.093290,,10-17,White - English/Welsh/Scottish/Northern Irish/British,White,Misuse of Drugs Act 1971 (section 23),Controlled drugs,Summons / charged by post,True,False
Person search,2017-11-09T14:20:00+00:00,,,53.958000,-1.093290,,18-24,White - English/Welsh/Scottish/Northern Irish/British,White,Misuse of Drugs Act 1971 (section 23),Controlled drugs,A no further action disposal,True,False
Person search,2017-11-09T16:55:00+00:00,,,51.528500,-0.133415,Male,10-17,Black/African/Caribbean/Black British - Caribbean,Black,Misuse of Drugs Act 1971 (section 23),Controlled drugs,A no further action disposal,True,False
Person search,2017-11-09T20:40:00+00:00,,,52.885000,-1.287680,,18-24,White - English/Welsh/Scottish/Northern Irish/British,White,Misuse of Drugs Act 1971 (section 23),Controlled drugs,A no further action disposal,True,False
Person search,2017-11-09T22:10:00+00:00,,,51.901700,-0.207094,Male,,Other ethnic group - Not stated,White,Police and Criminal Evidence Act 1984 (section 1),Article for use in theft,A no further action disposal,True,False
Person search,2017-11-09T22:10:00+00:00,,,51.518800,-0.081475,Male,over 34,Asian/Asian British - Bangladeshi,Asian,Police and Criminal Evidence Act 1984 (section 1),Stolen goods,A no further action disposal,True,False
Person search,2017-11-09T22:10:00+00:00,,,51.901700,-0.207094,,10-17,Asian/Asian British - Any other Asian background,,Police and Criminal Evidence Act 1984 (section 1),Article for use in theft,A no further action disposal,True,False
Person search,2017-11-10T13:30:00+00:00,,,51.379000,-0.101721,Male,10-17,Black/African/Caribbean/Black British - Caribbean,Black,Police and Criminal Evidence Act 1984 (section 1),Offensive weapons,A no further action disposal,True,False
Person search,2017-11-10T15:36:00+00:00,,,51.597500,-0.109813,Male,over 34,,,Misuse of Drugs Act 1971 (section 23),Controlled drugs,,True,False
Person search,2017-11-10T15:36:00+00:00,,,51.530500,-0.123533,Male,18-24,White - English/Welsh/Scottish/Northern Irish/British,White,Misuse of Drugs Act 1971 (section 23),Controlled drugs,Khat or Cannabis warning,True,False
Person search,2017-11-10T16:10:00+00:00,,,51.530500,-0.123533,Male,18-24,White - English/Welsh/Scottish/Northern Irish/British,White,Misuse of Drugs Act 1971 (section 23),Controlled drugs,Khat or Cannabis warning,True,False
Person search,2017-11-10T16:21:00+00:00,,,53.487900,-2.243670,Male,18-24,Asian/Asian British - Pakistani,White,Misuse of Drugs Act 1971 (section 23),Controlled drugs,Penalty Notice for Disorder,True,False
Person search,2017-11-10T16:22:00+00:00,,,53.487900,-2.243670,,18-24,White - English/Welsh/Scottish/Northern Irish/British,White,Misuse of Drugs Act 1971 (section 23),Controlled drugs,A no further action disposal,True,False
Person search,2017-11-10T17:00:00+00:00,,,51.532500,-0.126010,Male,over 34,White - English/Welsh/Scottish/Northern Irish/British,White,Police and Criminal Evidence Act 1984 (section 1),Stolen goods,Arrest,True,False
Person search,2017-11-10T21:15:00+00:00,,,54.968500,-1.616360,Male,over 34,White - English/Welsh/Scottish/Northern Irish/British,White,Police and Criminal Evidence Act 1984 (section 1),Offensive weapons,Arrest,True,False
Person search,2017-11-10T21:20:00+00:00,,,54.968500,-1.616360,Male,over 34,White - English/Welsh/Scottish/Northern Irish/British,White,Police and Criminal Evidence Act 1984 (section 1),Offensive weapons,Arrest,True,False
Person search,2017-11-10T21:20:00+00:00,,,,,Male,over 34,White - English/Welsh/Scottish/Northern Irish/British,White,Police and Criminal Evidence Act 1984 (section 1),Offensive weapons,Arrest,True,False
Person search,2017-11-11T04:20:00+00:00,,,,,Male,18-24,Other ethnic group - Not stated,White,Police and Criminal Evidence Act 1984 (section 1),Article for use in theft,Arrest,True,False
Person search,2017-11-11T08:10:00+00:00,,,54.890600,-2.933240,Female,25-34,White - English/Welsh/Scottish/Northern Irish/British,White,Misuse of Drugs Act 1971 (section 23),Controlled drugs,A no further action disposal,True,False
Person search,2017-11-11T14:37:00+00:00,,,52.477800,-1.898950,Male,25-34,White - Any other White background,White,Police and Criminal Evidence Act 1984 (section 1),Offensive weapons,Arrest,True,False
Person search,2017-11-11T20:55:00+00:00,,,51.502900,-0.113136,Male,10-17,Other ethnic group - Not stated,Black,Misuse of Drugs Act 1971 (section 23),Controlled drugs,Summons / charged by post,True,False
Person search,2017-11-11T21:45:00+00:00,,,53.476900,-2.230050,Male,over 34,Other ethnic group - Not stated,White,Misuse of Drugs Act 1971 (section 23),Controlled drugs,A no further action disposal,True,False
Person search,2017-11-12T17:50:00+00:00,,,52.618300,-2.011640,Male,25-34,White - English/Welsh/Scottish/Northern Irish/British,White,Police and Criminal Evidence Act 1984 (section 1),Stolen goods,A no further action disposal,True,False
Person search,2017-11-12T21:05:00+00:00,,,51.742200,-0.490835,Male,over 34,White - English/Welsh/Scottish/Northern Irish/British,White,Misuse of Drugs Act 1971 (section 23),Controlled drugs,A no further action disposal,True,False
Person search,2017-11-12T21:05:00+00:00,,,51.742200,-0.490835,Male,25-34,White - English/Welsh/Scottish/Northern Irish/British,White,Misuse of Drugs Act 1971 (section 23),Controlled drugs,A no further action disposal,True,False
Person search,2017-11-13T18:20:00+00:00,,,51.539600,0.052628,Male,25-34,Asian/Asian British - Pakistani,Asian,Police and Criminal Evidence Act 1984 (section 1),Stolen goods,A no further action disposal,True,False
Person search,2017-11-13T18:25:00+00:00,,,51.541700,-0.003177,Male,18-24,White - Irish,White,Misuse of Drugs Act 1971 (section 23),Controlled drugs,A no further action disposal,True,False
Person search,2017-11-13T20:15:00+00:00,,,51.541700,-0.003177,,18-24,Black/African/Caribbean/Black British - Any other Black/African/Caribbean background,White,Misuse of Drugs Act 1971 (section 23),,Khat or Cannabis warning,True,False
Person search,2017-11-13T21:00:00+00:00,,,51.544756,-0.008694,,18-24,Black/African/Caribbean/Black British - Caribbean,Black,Misuse of Drugs Act 1971 (section 23),Controlled drugs,Khat or Cannabis warning,True,False
Person search,2017-11-13T21:00:00+00:00,,,51.544756,-0.008694,Male,25-34,Black/African/Caribbean/Black British - Any other Black/African/Caribbean background,Black,Misuse of Drugs Act 1971 (section 23),Controlled drugs,Summons / charged by post,True,False
Person search,2017-11-13T21:55:00+00:00,,,51.449800,-2.580470,Male,25-34,Black/African/Caribbean/Black British - Caribbean,Black,Misuse of Drugs Act 1971 (section 23),Controlled drugs,Khat or Cannabis warning,True,False
Person search,2017-11-13T21:55:00+00:00,,,51.449800,-2.580470,Male,18-24,Other ethnic group - Not stated,Black,Misuse of Drugs Act 1971 (section 23),Controlled drugs,Arrest,True,False
Person search,2017-11-13T22:11:00+00:00,,,51.449800,-2.580470,Male,18-24,Other ethnic group - Not stated,White,Misuse of Drugs Act 1971 (section 23),Controlled drugs,Arrest,True,False
Person search,2017-11-14T10:00:00+00:00,,,52.194800,0.136968,,10-17,White - English/Welsh/Scottish/Northern Irish/British,White,Police and Criminal Evidence Act 1984 (section 1),,A no further action disposal,True,False
Person search,2017-11-14T14:40:00+00:00,,,53.522000,-1.139610,Male,over 34,White - English/Welsh/Scottish/Northern Irish/British,White,Misuse of Drugs Act 1971 (section 23),Controlled drugs,A no further action disposal,True,False
Person search,2017-11-14T17:50:00+00:00,,,54.279700,-0.405276,Male,over 34,White - English/Welsh/Scottish/Northern Irish/British,White,Misuse of Drugs Act 1971 (section 23),Controlled drugs,Summons / charged by post,True,False
Person search,2017-11-14T21:20:00+00:00,,,53.794800,-1.549110,Male,18-24,Other ethnic group - Not stated,White,Misuse of Drugs Act 1971 (section 23),Controlled drugs,A no further action disposal,True,False
Person search,2017-11-15T08:35:00+00:00,,,53.522000,-1.139610,Male,over 34,White - English/Welsh/Scottish/Northern Irish/British,White,Police and Criminal Evidence Act 1984 (section 1),Offensive weapons,A no further action disposal,True,False
Person search,2017-11-15T08:50:00+00:00,,,51.485800,-0.124348,Male,18-24,Other ethnic group - Not stated,Black,Police and Criminal Evidence Act 1984 (section 1),Offensive weapons,Arrest,True,False
Person search,2017-11-15T13:00:00+00:00,,,51.882300,-0.413893,Male,18-24,Asian/Asian British - Any other Asian background,Asian,Misuse of Drugs Act 1971 (section 23),Controlled drugs,Khat or Cannabis warning,True,False
Person search,2017-11-15T18:00:00+00:00,,,51.865400,-2.238590,Male,10-17,White - English/Welsh/Scottish/Northern Irish/British,White,Misuse of Drugs Act 1971 (section 23),,Arrest,True,False
Person search,2017-11-16T13:41:00+00:00,,,51.517000,-0.177458,Female,18-24,Black/African/Caribbean/Black British - African,Black,Police and Criminal Evidence Act 1984 (section 1),Stolen goods,Summons / charged by post,True,False
Person search,2017-11-16T18:05:00+00:00,,,51.522000,0.290341,Male,10-17,White - English/Welsh/Scottish/Northern Irish/British,White,Misuse of Drugs Act 1971 (section 23),Controlled drugs,Summons / charged by post,True,False
Person search,2017-11-17T11:00:00+00:00,,,51.508200,-0.124873,Male,25-34,Other ethnic group - Not stated,White,Misuse of Drugs Act 1971 (section 23),Controlled drugs,A no further action disposal,True,False
Person search,2017-11-17T16:00:00+00:00,,,51.517400,-0.082914,Male,over 34,White - English/Welsh/Scottish/Northern Irish/British,White,Police and Criminal Evidence Act 1984 (section 1),Stolen goods,A no further action disposal,True,False
Person search,2017-11-17T16:30:00+00:00,,,51.234300,0.707780,Male,,Other ethnic group - Not stated,White,Misuse of Drugs Act 1971 (section 23),Controlled drugs,A no further action disposal,True,False
Person search,2017-11-17T19:02:00+00:00,,,51.290100,0.193946,Male,10-17,White - English/Welsh/Scottish/Northern Irish/British,White,Misuse of Drugs Act 1971 (section 23),Controlled drugs,A no further action disposal,True,False
Person search,2017-11-17T19:10:00+00:00,,,51.290100,0.193946,Female,,White - English/Welsh/Scottish/Northern Irish/British,White,Misuse of Drugs Act 1971 (section 23),,A no further action disposal,True,False
Person search,2017-11-17T20:00:00+00:00,,,51.290100,0.193946,Male,over 34,White - English/Welsh/Scottish/Northern Irish/British,White,Misuse of Drugs Act 1971 (section 23),Controlled drugs,Khat or Cannabis warning,True,False
Person search,2017-11-17T20:20:00+00:00,,,51.897300,-2.099820,,25-34,Asian/Asian British - Indian,Asian,Misuse of Drugs Act 1971 (section 23),Controlled drugs,A no further action disposal,True,False
Person search,2017-11-17T20:40:00+00:00,,,51.276700,0.181736,Male,10-17,White - English/Welsh/Scottish/Northern Irish/British,White,Misuse of Drugs Act 1971 (section 23),Controlled drugs,Summons / charged by post,True,False
Person search,2017-11-17T20:55:00+00:00,,,51.276700,0.181736,Male,18-24,Black/African/Caribbean/Black British - African,Black,Misuse of Drugs Act 1971 (section 23),Controlled drugs,Khat or Cannabis warning,True,False
Person search,2017-11-17T21:05:00+00:00,,,51.276700,0.181736,Male,18-24,White - English/Welsh/Scottish/Northern Irish/British,White,Misuse of Drugs Act 1971 (section 23),Controlled drugs,Khat or Cannabis warning,True,False
Person search,2017-11-17T21:30:00+00:00,,,51.276700,0.181736,Male,18-24,White - English/Welsh/Scottish/Northern Irish/British,White,Misuse of Drugs Act 1971 (section 23),Controlled drugs,Khat or Cannabis warning,True,False
Person search,2017-11-17T21:30:00+00:00,,,51.276700,0.181736,Male,18-24,White - English/Welsh/Scottish/Northern Irish/British,White,Misuse of Drugs Act 1971 (section 23),Controlled drugs,Khat or Cannabis warning,True,False
Person search,2017-11-17T22:34:00+00:00,,,51.559000,0.251263,Male,18-24,White - English/Welsh/Scottish/Northern Irish/British,White,Misuse of Drugs Act 1971 (section 23),Controlled drugs,Khat or Cannabis warning,True,False
Person search,2017-11-18T00:30:00+00:00,,,51.502900,-0.113136,Male,18-24,White - English/Welsh/Scottish/Northern Irish/British,White,Misuse of Drugs Act 1971 (section 23),Controlled drugs,A no further action disposal,True,False
Person search,2017-11-18T16:40:00+00:00,,,53.212500,-3.038440,Male,10-17,Other ethnic group - Not stated,White,Misuse of Drugs Act 1971 (section 23),Controlled drugs,Arrest,True,False
Person search,2017-11-18T18:00:00+00:00,,,53.794800,-1.549110,Male,18-24,White - Any other White background,White,Police and Criminal Evidence Act 1984 (section 1),,A no further action disposal,True,False
Person search,2017-11-18T18:10:00+00:00,,,53.794800,-1.549110,Male,18-24,White - Any other White background,White,Police and Criminal Evidence Act 1984 (section 1),,A no further action disposal,True,False
Person search,2017-11-19T05:35:00+00:00,,,53.794800,-1.549110,Male,25-34,White - Any other White background,White,Police and Criminal Evidence Act 1984 (section 1),,A no further action disposal,True,False
Person search,2017-11-19T12:20:00+00:00,,,52.477300,-2.030990,Male,10-17,White - English/Welsh/Scottish/Northern Irish/British,White,Police and Criminal Evidence Act 1984 (section 1),Offensive weapons,Arrest,True,False
Person search,2017-11-19T16:30:00+00:00,,,51.502900,-0.113136,Female,25-34,White - Any other White background,White,Police and Criminal Evidence Act 1984 (section 1),Stolen goods,Community resolution,True,False
Person search,2017-11-19T17:15:00+00:00,,,51.645400,0.083742,Male,over 34,Other ethnic group - Not stated,White,Misuse of Drugs Act 1971 (section 23),Controlled drugs,,True,False
Person search,2017-11-19T17:47:00+00:00,,,53.476900,-2.230050,Male,18-24,White - English/Welsh/Scottish/Northern Irish/British,White,Police and Criminal Evidence Act 1984 (section 1),Stolen goods,A no further action disposal,True,False
Person search,2017-11-19T17:50:00+00:00,,,54.968500,-1.616360,Male,18-24,White - Irish,White,Firearms Act 1968 (section 47),Firearms,Arrest,True,False
Person search,2017-11-19T20:15:00+00:00,,,51.528500,-0.133415,Male,18-24,Asian/Asian British - Pakistani,Asian,Misuse of Drugs Act 1971 (section 23),Controlled drugs,Arrest,True,False
Person search,2017-11-19T20:50:00+00:00,,,53.476900,-2.230050,Male,18-24,White - English/Welsh/Scottish/Northern Irish/British,White,Police and Criminal Evidence Act 1984 (section 1),Stolen goods,A no further action disposal,True,False
Person search,2017-11-19T23:15:00+00:00,,,52.631400,-1.125300,Female,over 34,Other ethnic group - Not stated,White,Misuse of Drugs Act 1971 (section 23),Controlled drugs,A no further action disposal,True,False
Person search,2017-11-20T12:44:00+00:00,,,53.542900,-2.632870,Male,over 34,White - English/Welsh/Scottish/Northern Irish/British,White,Misuse of Drugs Act 1971 (section 23),Controlled drugs,A no further action disposal,True,False
Person search,2017-11-20T13:50:00+00:00,,,51.589700,-2.998600,Male,25-34,White - English/Welsh/Scottish/Northern Irish/British,White,Misuse of Drugs Act 1971 (section 23),Controlled drugs,Arrest,True,False
Person search,2017-11-20T13:55:00+00:00,,,51.589700,-2.998600,Female,25-34,White - English/Welsh/Scottish/Northern Irish/British,White,Misuse of Drugs Act 1971 (section 23),Controlled drugs,A no further action disposal,True,False
Person search,2017-11-20T20:50:00+00:00,,,51.541700,-0.003177,Male,10-17,Black/African/Caribbean/Black British - Caribbean,Black,Misuse of Drugs Act 1971 (section 23),Controlled drugs,Arrest,True,False
Person search,2017-11-20T20:50:00+00:00,,,51.492600,-0.223332,Male,over 34,Asian/Asian British - Any other Asian background,Asian,Misuse of Drugs Act 1971 (section 23),Controlled drugs,A no further action disposal,True,False
Person search,2017-11-20T20:55:00+00:00,,,51.541700,-0.003177,Male,10-17,Other ethnic group - Not stated,Black,Police and Criminal Evidence Act 1984 (section 1),Offensive weapons,A no further action disposal,True,False
Person search,2017-11-20T21:51:00+00:00,,,51.541700,-0.003177,Male,18-24,Mixed/Multiple ethnic groups - White and Black Caribbean,Black,Misuse of Drugs Act 1971 (section 23),Controlled drugs,Arrest,True,False
Person search,2017-11-20T21:54:00+00:00,,,51.531800,-0.123189,Male,18-24,White - English/Welsh/Scottish/Northern Irish/British,White,Misuse of Drugs Act 1971 (section 23),,Khat or Cannabis warning,True,False
Person search,2017-11-20T21:54:00+00:00,,,51.530500,-0.123533,Male,18-24,White - English/Welsh/Scottish/Northern Irish/British,White,Misuse of Drugs Act 1971 (section 23),Controlled drugs,Khat or Cannabis warning,True,False
Person search,2017-11-20T22:30:00+00:00,,,51.502900,-0.113136,Male,25-34,White - English/Welsh/Scottish/Northern Irish/British,White,Misuse of Drugs Act 1971 (section 23),Controlled drugs,A no further action disposal,True,False
Person search,2017-11-21T07:00:00+00:00,,,51.882300,-0.413893,Male,over 34,Black/African/Caribbean/Black British - Caribbean,Black,Police and Criminal Evidence Act 1984 (section 1),Stolen goods,Arrest,True,False
Person search,2017-11-21T14:20:00+00:00,,,50.264000,-5.064160,Male,18-24,White - English/Welsh/Scottish/Northern Irish/British,White,Misuse of Drugs Act 1971 (section 23),Controlled drugs,A no further action disposal,True,False
Person search,2017-11-21T18:00:00+00:00,,,54.890600,-2.933240,Male,over 34,White - English/Welsh/Scottish/Northern Irish/British,White,Police and Criminal Evidence Act 1984 (section 1),Stolen goods,A no further action disposal,True,False
Person search,2017-11-21T21:50:00+00:00,,,51.684100,-4.249250,Male,18-24,White - English/Welsh/Scottish/Northern Irish/British,White,Misuse of Drugs Act 1971 (section 23),Controlled drugs,Arrest,True,False
Person search,2017-11-21T23:00:00+00:00,,,51.347100,-0.099008,Male,25-34,Mixed/Multiple ethnic groups - White and Black Caribbean,Black,Misuse of Drugs Act 1971 (section 23),Controlled drugs,A no further action disposal,True,False
Person search,2017-11-22T13:46:00+00:00,,,51.534600,-0.013491,,,Other ethnic group - Not stated,Black,Police and Criminal Evidence Act 1984 (section 1),Offensive weapons,A no further action disposal,True,False
Person search,2017-11-22T15:30:00+00:00,,,52.574500,-0.250385,Male,over 34,Mixed/Multiple ethnic groups - White and Black Caribbean,Black,Misuse of Drugs Act 1971 (section 23),Controlled drugs,A no further action disposal,True,False
Person search,2017-11-22T15:30:00+00:00,,,52.574500,-0.250385,Male,over 34,Mixed/Multiple ethnic groups - White and Black Caribbean,Black,Misuse of Drugs Act 1971 (section 23),Controlled drugs,A no further action disposal,True,False
Person search,2017-11-22T16:15:00+00:00,,,54.048800,-2.807800,Male,over 34,Other ethnic group - Not stated,White,Misuse of Drugs Act 1971 (section 23),Controlled drugs,Arrest,True,False
Person search,2017-11-22T17:00:00+00:00,,,52.477800,-1.898950,Male,over 34,White - English/Welsh/Scottish/Northern Irish/British,White,Police and Criminal Evidence Act 1984 (section 1),Stolen goods,A no further action disposal,True,False
Person search,2017-11-22T22:05:00+00:00,,,51.459100,-0.971711,Male,25-34,Other ethnic group - Not stated,White,Misuse of Drugs Act 1971 (section 23),Controlled drugs,Arrest,True,False
Person search,2017-11-23T12:50:00+00:00,,,51.569300,-0.006796,Male,10-17,Black/African/Caribbean/Black British - African,Black,Misuse of Drugs Act 1971 (section 23),Controlled drugs,A no further action disposal,True,False
Person search,2017-11-23T12:50:00+00:00,,,51.569300,-0.006796,,10-17,Asian/Asian British - Bangladeshi,Asian,Misuse of Drugs Act 1971 (section 23),Controlled drugs,A no further action disposal,True,False
Person search,2017-11-23T16:15:00+00:00,,,53.358700,-2.889820,,over 34,White - English/Welsh/Scottish/Northern Irish/British,White,Police and Criminal Evidence Act 1984 (section 1),Stolen goods,A no further action disposal,True,False
Person search,2017-11-23T22:33:00+00:00,,,51.511300,-0.056945,Male,10-17,White - English/Welsh/Scottish/Northern Irish/British,White,Misuse of Drugs Act 1971 (section 23),Controlled drugs,A no further action disposal,True,False
Person search,2017-11-24T06:25:00+00:00,,,51.390500,-0.026811,,,Other ethnic group - Not stated,,Misuse of Drugs Act 1971 (section 23),Controlled drugs,A no further action disposal,True,False
Person search,2017-11-24T09:10:00+00:00,,,52.587700,-2.120030,Male,18-24,White - English/Welsh/Scottish/Northern Irish/British,White,Misuse of Drugs Act 1971 (section 23),Controlled drugs,Khat or Cannabis warning,True,False
Person search,2017-11-24T10:30:00+00:00,,,51.532500,-0.126010,,,White - English/Welsh/Scottish/Northern Irish/British,White,Police and Criminal Evidence Act 1984 (section 1),Stolen goods,Arrest,True,False
Person search,2017-11-24T12:45:00+00:00,,,51.387200,-0.065160,Male,10-17,Black/African/Caribbean/Black British - Caribbean,Black,Police and Criminal Evidence Act 1984 (section 1),Offensive weapons,A no further action disposal,True,False
Person search,2017-11-24T15:15:00+00:00,,,51.508200,-0.124873,Male,over 34,Other ethnic group - Not stated,Other,Police and Criminal Evidence Act 1984 (section 1),,A no further action disposal,True,False
Person search,2017-11-24T16:20:00+00:00,,,51.505700,-0.087053,Male,18-24,White - English/Welsh/Scottish/Northern Irish/British,White,Misuse of Drugs Act 1971 (section 23),Controlled drugs,A no further action disposal,True,False
Person search,2017-11-24T16:20:00+00:00,,,51.505700,-0.087053,,18-24,White - English/Welsh/Scottish/Northern Irish/British,White,Misuse of Drugs Act 1971 (section 23),Controlled drugs,A no further action disposal,True,False
Person search,2017-11-24T17:13:00+00:00,,,52.477800,-1.898950,Male,over 34,White - English/Welsh/Scottish/Northern Irish/British,White,Police and Criminal Evidence Act 1984 (section 1),Stolen goods,Summons / charged by post,True,False
Person search,2017-11-24T20:20:00+00:00,,,51.374000,-0.098586,Male,10-17,Black/African/Caribbean/Black British - African,Black,Police and Criminal Evidence Act 1984 (section 1),Article for use in theft,Arrest,True,False
Person search,2017-11-25T00:38:00+00:00,,,51.475600,-3.179590,Male,18-24,White - English/Welsh/Scottish/Northern Irish/British,White,Misuse of Drugs Act 1971 (section 23),Controlled drugs,A no further action disposal,True,False
Person and Vehicle search,2017-11-25T01:20:00+00:00,,,,,Male,25-34,Other ethnic group - Not stated,Black,Misuse of Drugs Act 1971 (section 23),Controlled drugs,A no further action disposal,True,False
Person search,2017-11-25T11:40:00+00:00,,,53.554300,-1.477250,Male,25-34,Other ethnic group - Not stated,White,Misuse of Drugs Act 1971 (section 23),Controlled drugs,Khat or Cannabis warning,True,False
Person search,2017-11-25T13:50:00+00:00,,,53.958000,-1.093290,Male,18-24,White - English/Welsh/Scottish/Northern Irish/British,White,Misuse of Drugs Act 1971 (section 23),Controlled drugs,A no further action disposal,True,False
Person search,2017-11-25T13:50:00+00:00,,,53.958000,-1.093290,Male,25-34,White - English/Welsh/Scottish/Northern Irish/British,White,Misuse of Drugs Act 1971 (section 23),Controlled drugs,A no further action disposal,True,False
Person search,2017-11-25T13:55:00+00:00,,,53.958000,-1.093290,Male,18-24,White - English/Welsh/Scottish/Northern Irish/British,White,Misuse of Drugs Act 1971 (section 23),Controlled drugs,A no further action disposal,True,False
Person search,2017-11-25T14:25:00+00:00,,,53.554300,-1.477250,Male,18-24,White - English/Welsh/Scottish/Northern Irish/British,White,Misuse of Drugs Act 1971 (section 23),Controlled drugs,Summons / charged by post,True,False
Person search,2017-11-25T15:30:00+00:00,,,51.541700,-0.003177,,10-17,White - English/Welsh/Scottish/Northern Irish/British,White,Police and Criminal Evidence Act 1984 (section 1),Offensive weapons,A no further action disposal,True,False
Person search,2017-11-26T04:50:00+00:00,,,51.502900,-0.113136,Male,10-17,White - English/Welsh/Scottish/Northern Irish/British,White,Misuse of Drugs Act 1971 (section 23),Controlled drugs,Arrest,True,False
Person search,2017-11-26T09:45:00+00:00,,,51.517400,-0.082914,Male,18-24,Black/African/Caribbean/Black British - African,Black,Police and Criminal Evidence Act 1984 (section 1),,A no further action disposal,True,False
Person search,2017-11-26T15:50:00+00:00,,,51.530500,-0.123533,Male,10-17,Black/African/Caribbean/Black British - Caribbean,Black,Police and Criminal Evidence Act 1984 (section 1),Offensive weapons,A no further action disposal,True,False
Person search,2017-11-26T15:50:00+00:00,,,51.530500,-0.123533,Male,10-17,Black/African/Caribbean/Black British - Any other Black/African/Caribbean background,Black,Police and Criminal Evidence Act 1984 (section 1),Offensive weapons,A no further action disposal,True,False
Person search,2017-11-26T17:30:00+00:00,,,50.377600,-4.143350,Male,25-34,Asian/Asian British - Bangladeshi,Asian,Police and Criminal Evidence Act 1984 (section 1),Stolen goods,A no further action disposal,True,False
Person search,2017-11-27T13:40:00+00:00,,,51.532500,-0.126010,Male,18-24,White - Any other White background,White,Police and Criminal Evidence Act 1984 (section 1),Stolen goods,Arrest,True,False
Person search,2017-11-27T13:50:00+00:00,,,51.589700,-2.998600,Male,over 34,White - English/Welsh/Scottish/Northern Irish/British,White,Misuse of Drugs Act 1971 (section 23),Controlled drugs,Arrest,True,False
Person search,2017-11-27T14:40:00+00:00,,,50.729200,-3.543310,Male,over 34,White - English/Welsh/Scottish/Northern Irish/British,White,Police and Criminal Evidence Act 1984 (section 1),,A no further action disposal,True,False
Person search,2017-11-28T04:55:00+00:00,,,52.916100,-1.463310,Male,18-24,White - English/Welsh/Scottish/Northern Irish/British,White,Police and Criminal Evidence Act 1984 (section 1),Article for use in theft,A no further action disposal,True,False
Person search,2017-11-28T13:00:00+00:00,,,51.589700,-2.998600,,over 34,White - English/Welsh/Scottish/Northern Irish/British,White,Misuse of Drugs Act 1971 (section 23),Controlled drugs,A no further action disposal,True,False
Person search,2017-11-28T13:30:00+00:00,,,51.156300,-0.160917,Male,10-17,Black/African/Caribbean/Black British - Caribbean,Black,Misuse of Drugs Act 1971 (section 23),Controlled drugs,Arrest,True,False
Person search,2017-11-28T14:20:00+00:00,,,51.589700,-2.998600,Male,over 34,White - English/Welsh/Scottish/Northern Irish/British,White,Misuse of Drugs Act 1971 (section 23),Controlled drugs,Arrest,True,False
Person search,2017-11-28T19:30:00+00:00,,,51.441000,-2.592650,Male,25-34,White - English/Welsh/Scottish/Northern Irish/British,White,Misuse of Drugs Act 1971 (section 23),Controlled drugs,Khat or Cannabis warning,True,False
Person search,2017-11-29T12:03:00+00:00,,,,,,10-17,Black/African/Caribbean/Black British - African,Black,Police and Criminal Evidence Act 1984 (section 1),Article for use in theft,Arrest,True,False
Person search,2017-11-29T14:00:00+00:00,,,51.589700,-2.998600,Female,25-34,White - English/Welsh/Scottish/Northern Irish/British,White,Misuse of Drugs Act 1971 (section 23),Controlled drugs,Arrest,True,False
Person search,2017-11-29T14:55:00+00:00,,,51.645700,-0.385263,Male,10-17,Other ethnic group - Not stated,White,Police and Criminal Evidence Act 1984 (section 1),Article for use in theft,A no further action disposal,True,False
Person search,2017-11-29T14:55:00+00:00,,,51.645700,-0.385263,Male,10-17,Other ethnic group - Not stated,Asian,Police and Criminal Evidence Act 1984 (section 1),Article for use in theft,A no further action disposal,True,False
Person search,2017-11-29T15:00:00+00:00,,,51.589700,-2.998600,Male,over 34,White - English/Welsh/Scottish/Northern Irish/British,White,Misuse of Drugs Act 1971 (section 23),Controlled drugs,A no further action disposal,True,False
Person search,2017-11-29T15:10:00+00:00,,,51.645700,-0.385263,Male,,White - English/Welsh/Scottish/Northern Irish/British,White,Misuse of Drugs Act 1971 (section 23),Controlled drugs,A no further action disposal,True,False
Person search,2017-11-29T15:47:00+00:00,,,51.882300,-0.413893,Male,over 34,Black/African/Caribbean/Black British - Caribbean,Black,Misuse of Drugs Act 1971 (section 23),Controlled drugs,A no further action disposal,True,False
Person search,2017-11-29T18:19:00+00:00,,,51.350500,-0.256838,Male,over 34,White - English/Welsh/Scottish/Northern Irish/British,White,Police and Criminal Evidence Act 1984 (section 1),Stolen goods,A no further action disposal,True,False
Person search,2017-11-30T17:25:00+00:00,,,52.477800,-1.898950,,18-24,White - English/Welsh/Scottish/Northern Irish/British,White,Misuse of Drugs Act 1971 (section 23),,Summons / charged by post,True,False
Person search,2017-11-30T18:50:00+00:00,,,51.240300,-0.165478,Male,over 34,White - English/Welsh/Scottish/Northern Irish/British,White,Police and Criminal Evidence Act 1984 (section 1),,Arrest,True,False
