Type,Date,Part of a policing operation,Policing operation,Latitude,Longitude,Gender,Age range,Self-defined ethnicity,Officer-defined ethnicity,Legislation,Object of search,Outcome,Outcome linked to object of search,Removal of more than just outer clothing
Person search,2017-06-01T00:00:00+00:00,,,51.549600,0.024665,,18-24,Black/African/Caribbean/Black British - African,Black,Police and Criminal Evidence Act 1984 (section 1),Offensive weapons,Nothing found - no further action,True,False
Person search,2017-06-01T11:32:00+00:00,,,51.375400,-0.097562,Male,18-24,White - English/Welsh/Scottish/Northern Irish/British,White,Misuse of Drugs Act 1971 (section 23),Controlled drugs,Nothing found - no further action,True,False
Person search,2017-06-01T14:15:00+00:00,,,51.459100,-0.971711,Male,18-24,White - English/Welsh/Scottish/Northern Irish/British,White,Misuse of Drugs Act 1971 (section 23),Controlled drugs,Nothing found - no further action,True,False
Person search,2017-06-01T15:20:00+00:00,,,51.900500,0.892427,Male,10-17,Black/African/Caribbean/Black British - Any other Black/African/Caribbean background,Black,Police and Criminal Evidence Act 1984 (section 1),Offensive weapons,Nothing found - no further action,True,False
Person search,2017-06-01T19:15:00+00:00,,,51.503500,-0.018068,,10-17,Asian/Asian British - Bangladeshi,Asian,Misuse of Drugs Act 1971 (section 23),Controlled drugs,Nothing found - no further action,True,False
Person search,2017-06-01T19:20:00+00:00,,,51.503500,-0.018068,,,Asian/Asian British - Bangladeshi,Asian,Misuse of Drugs Act 1971 (section 23),Controlled drugs,Nothing found - no further action,True,False
Person search,2017-06-01T21:10:00+00:00,,,51.211800,-0.792412,Male,18-24,White - English/Welsh/Scottish/Northern Irish/British,White,Police and Criminal Evidence Act 1984 (section 1),Offensive weapons,Suspect arrested,True,False
Person search,2017-06-02T00:16:00+00:00,,,51.640300,-0.473384,Male,10-17,Other ethnic group - Not stated,Black,Police and Criminal Evidence Act 1984 (section 1),Stolen goods,Nothing found - no further action,True,False
Person search,2017-06-02T00:16:00+00:00,,,51.640300,-0.473384,Male,10-17,Other ethnic group - Not stated,Black,Police and Criminal Evidence Act 1984 (section 1),Article for use in theft,Nothing found - no further action,True,False
Person search,2017-06-02T00:16:00+00:00,,,51.640300,-0.473384,Male,10-17,Other ethnic group - Not stated,Black,Police and Criminal Evidence Act 1984 (section 1),,Nothing found - no further action,True,False
Person search,2017-06-02T10:00:00+00:00,,,51.537400,0.711761,Male,18-24,White - English/Welsh/Scottish/Northern Irish/British,White,Misuse of Drugs Act 1971 (section 23),Controlled drugs,Nothing found - no further action,True,False
Person search,2017-06-02T12:09:00+00:00,,,53.407900,-2.977600,Male,over 34,White - English/Welsh/Scottish/Northern Irish/British,White,Criminal Justice and Public Order Act 1994 (section 60),Offensive weapons,Nothing found - no further action,True,False
Person search,2017-06-02T17:05:00+00:00,,,53.755800,-2.707290,Male,over 34,White - English/Welsh/Scottish/Northern Irish/British,White,Misuse of Drugs Act 1971 (section 23),Controlled drugs,Nothing found - no further action,True,False
Person search,2017-06-02T20:45:00+00:00,,,51.502900,-0.113136,Male,25-34,Other ethnic group - Not stated,White,Misuse of Drugs Act 1971 (section 23),Controlled drugs,Nothing found - no further action,True,False
Person search,2017-06-02T20:50:00+00:00,,,51.156300,-0.160917,Male,18-24,Black/African/Caribbean/Black British - African,Black,Misuse of Drugs Act 1971 (section 23),Controlled drugs,Suspect summonsed to court,True,False
Person search,2017-06-02T20:50:00+00:00,,,51.156300,-0.160917,Male,18-24,Black/African/Caribbean/Black British - African,Black,Misuse of Drugs Act 1971 (section 23),Controlled drugs,Suspect summonsed to court,True,False
Person search,2017-06-02T21:15:00+00:00,,,51.514900,-0.301993,Male,18-24,Asian/Asian British - Indian,Asian,Misuse of Drugs Act 1971 (section 23),,Nothing found - no further action,True,False
Person search,2017-06-02T22:12:00+00:00,,,51.500300,0.003574,Male,over 34,Black/African/Caribbean/Black British - Caribbean,Black,Misuse of Drugs Act 1971 (section 23),Controlled drugs,Offender given drugs possession warning,True,False
Person search,2017-06-02T23:05:00+00:00,,,51.517000,-0.177458,Male,18-24,Mixed/Multiple ethnic groups - White and Black Caribbean,Black,Misuse of Drugs Act 1971 (section 23),Controlled drugs,Nothing found - no further action,True,False
Person search,2017-06-03T02:12:00+00:00,,,51.451700,-0.001157,Male,18-24,Mixed/Multiple ethnic groups - White and Asian,Asian,Misuse of Drugs Act 1971 (section 23),Controlled drugs,Offender given drugs possession warning,True,False
Person search,2017-06-03T09:00:00+00:00,,,51.560300,0.507025,,25-34,White - English/Welsh/Scottish/Northern Irish/British,White,Misuse of Drugs Act 1971 (section 23),Controlled drugs,Offender given drugs possession warning,True,False
Person search,2017-06-03T10:55:00+00:00,,,53.407900,-2.977600,Male,over 34,White - English/Welsh/Scottish/Northern Irish/British,White,Criminal Justice and Public Order Act 1994 (section 60),Offensive weapons,Nothing found - no further action,True,False
Person search,2017-06-03T11:05:00+00:00,,,53.407900,-2.977600,Male,over 34,White - English/Welsh/Scottish/Northern Irish/British,White,Criminal Justice and Public Order Act 1994 (section 60),Offensive weapons,Nothing found - no further action,True,False
Person search,2017-06-03T11:10:00+00:00,,,53.407900,-2.977600,Male,over 34,White - English/Welsh/Scottish/Northern Irish/British,White,Criminal Justice and Public Order Act 1994 (section 60),Offensive weapons,Nothing found - no further action,True,False
Person search,2017-06-03T11:15:00+00:00,,,53.407900,-2.977600,Male,18-24,White - English/Welsh/Scottish/Northern Irish/British,White,Criminal Justice and Public Order Act 1994 (section 60),,Nothing found - no further action,True,False
Person search,2017-06-03T11:25:00+00:00,,,53.407900,-2.977600,Male,over 34,White - English/Welsh/Scottish/Northern Irish/British,White,Criminal Justice and Public Order Act 1994 (section 60),Offensive weapons,Nothing found - no further action,True,False
Person search,2017-06-03T11:30:00+00:00,,,53.407900,-2.977600,Male,over 34,White - English/Welsh/Scottish/Northern Irish/British,White,Criminal Justice and Public Order Act 1994 (section 60),Offensive weapons,Nothing found - no further action,True,False
Person search,2017-06-03T12:07:00+00:00,,,53.407900,-2.977600,Male,over 34,White - English/Welsh/Scottish/Northern Irish/British,White,Criminal Justice and Public Order Act 1994 (section 60),Offensive weapons,Nothing found - no further action,True,False
Person search,2017-06-03T12:22:00+00:00,,,51.560300,0.507025,Male,18-24,White - English/Welsh/Scottish/Northern Irish/British,White,Misuse of Drugs Act 1971 (section 23),Controlled drugs,Nothing found - no further action,True,False
Person search,2017-06-03T13:15:00+00:00,,,52.574500,-0.250385,Male,25-34,Other ethnic group - Not stated,Other,Police and Criminal Evidence Act 1984 (section 1),Stolen goods,Suspect arrested,True,False
Person search,2017-06-03T13:30:00+00:00,,,53.407900,-2.977600,Male,,White - English/Welsh/Scottish/Northern Irish/British,White,Criminal Justice and Public Order Act 1994 (section 60),Offensive weapons,Nothing found - no further action,True,False
Person search,2017-06-03T14:15:00+00:00,,,51.375200,-0.085330,Male,over 34,Other ethnic group - Not stated,Other,Police and Criminal Evidence Act 1984 (section 1),Offensive weapons,Suspect arrested,True,False
Person search,2017-06-03T15:00:00+00:00,,,51.523100,-0.157034,Male,over 34,Other ethnic group - Not stated,White,Misuse of Drugs Act 1971 (section 23),Controlled drugs,Suspect summonsed to court,True,False
Person search,2017-06-03T15:20:00+00:00,,,51.394800,0.106027,Female,18-24,White - English/Welsh/Scottish/Northern Irish/British,White,Misuse of Drugs Act 1971 (section 23),Controlled drugs,Nothing found - no further action,True,False
Person search,2017-06-03T18:20:00+00:00,,,50.434600,-3.565150,,,White - English/Welsh/Scottish/Northern Irish/British,White,Misuse of Drugs Act 1971 (section 23),Controlled drugs,Nothing found - no further action,True,False
Person search,2017-06-04T02:20:00+00:00,,,51.486100,-0.122848,Male,18-24,Black/African/Caribbean/Black British - African,Black,Police and Criminal Evidence Act 1984 (section 1),Stolen goods,Nothing found - no further action,True,False
Person search,2017-06-04T10:45:00+00:00,,,51.583400,-0.072700,,25-34,Black/African/Caribbean/Black British - African,Black,Police and Criminal Evidence Act 1984 (section 1),Offensive weapons,Suspect arrested,True,False
Person search,2017-06-04T11:00:00+00:00,,,53.407900,-2.977600,Male,18-24,White - English/Welsh/Scottish/Northern Irish/British,White,Criminal Justice and Public Order Act 1994 (section 60),Offensive weapons,Nothing found - no further action,True,False
Person search,2017-06-04T14:42:00+00:00,,,51.465800,-0.014286,Male,25-34,White - English/Welsh/Scottish/Northern Irish/British,White,Misuse of Drugs Act 1971 (section 23),Controlled drugs,Nothing found - no further action,True,False
Person search,2017-06-04T23:45:00+00:00,,,51.641400,0.055287,Male,25-34,White - English/Welsh/Scottish/Northern Irish/British,White,Misuse of Drugs Act 1971 (section 23),Controlled drugs,Nothing found - no further action,True,False
Person search,2017-06-05T03:00:00+00:00,,,51.511300,-0.056945,Male,25-34,Mixed/Multiple ethnic groups - White and Black African,Black,Misuse of Drugs Act 1971 (section 23),,Nothing found - no further action,True,False
Person search,2017-06-05T03:00:00+00:00,,,51.511300,-0.056945,Male,25-34,Mixed/Multiple ethnic groups - White and Black African,Black,Police and Criminal Evidence Act 1984 (section 1),,,True,False
Person search,2017-06-05T05:25:00+00:00,,,51.882300,-0.413893,Female,25-34,White - English/Welsh/Scottish/Northern Irish/British,White,Misuse of Drugs Act 1971 (section 23),Controlled drugs,Suspect arrested,True,False
Person search,2017-06-05T06:27:00+00:00,,,51.550500,-0.164279,,25-34,Mixed/Multiple ethnic groups - White and Black Caribbean,Black,Police and Criminal Evidence Act 1984 (section 1),Offensive weapons,Nothing found - no further action,True,False
Person search,2017-06-05T09:50:00+00:00,,,51.539400,-0.142761,,25-34,Other ethnic group - Not stated,White,Police and Criminal Evidence Act 1984 (section 1),Offensive weapons,Nothing found - no further action,True,False
Person search,2017-06-05T10:50:00+00:00,,,52.947300,-1.145410,Male,25-34,White - English/Welsh/Scottish/Northern Irish/British,White,Misuse of Drugs Act 1971 (section 23),Controlled drugs,Suspect arrested,True,False
Person search,2017-06-05T11:30:00+00:00,,,51.475600,-3.179590,,25-34,White - English/Welsh/Scottish/Northern Irish/British,White,Misuse of Drugs Act 1971 (section 23),Controlled drugs,Nothing found - no further action,True,False
Person search,2017-06-05T14:26:00+00:00,,,51.528500,-0.133415,Male,over 34,Black/African/Caribbean/Black British - Any other Black/African/Caribbean background,Black,Police and Criminal Evidence Act 1984 (section 1),Stolen goods,Nothing found - no further action,True,False
Person search,2017-06-05T15:15:00+00:00,,,53.646300,-3.002480,Male,over 34,White - English/Welsh/Scottish/Northern Irish/British,White,Police and Criminal Evidence Act 1984 (section 1),Stolen goods,Suspect summonsed to court,False,False
Person search,2017-06-05T16:50:00+00:00,,,52.477800,-1.898950,Male,18-24,Other ethnic group - Not stated,White,Misuse of Drugs Act 1971 (section 23),Controlled drugs,Nothing found - no further action,True,False
Person search,2017-06-05T20:18:00+00:00,,,51.436500,-0.468299,,,Other ethnic group - Not stated,Black,Police and Criminal Evidence Act 1984 (section 1),Articles for use in criminal damage,Suspect arrested,True,False
Person search,2017-06-05T22:12:00+00:00,,,51.627800,-0.385553,,over 34,White - English/Welsh/Scottish/Northern Irish/British,White,Police and Criminal Evidence Act 1984 (section 1),Article for use in theft,Suspect arrested,True,False
Person search,2017-06-05T22:59:00+00:00,,,53.794800,-1.549110,Male,over 34,Other ethnic group - Not stated,White,Police and Criminal Evidence Act 1984 (section 1),Offensive weapons,Suspect arrested,True,False
Person search,2017-06-06T17:15:00+00:00,,,53.487900,-2.243670,,over 34,White - English/Welsh/Scottish/Northern Irish/British,White,Misuse of Drugs Act 1971 (section 23),Controlled drugs,Nothing found - no further action,True,False
Person search,2017-06-06T17:36:00+00:00,,,53.476900,-2.230050,,over 34,White - Irish,White,Misuse of Drugs Act 1971 (section 23),Controlled drugs,Nothing found - no further action,True,False
Person search,2017-06-07T08:00:00+00:00,,,51.500600,-0.019002,Male,25-34,Other ethnic group - Not stated,Asian,Police and Criminal Evidence Act 1984 (section 1),Stolen goods,Suspect arrested,True,False
Person search,2017-06-07T14:05:00+00:00,,,50.853400,-1.192400,Male,over 34,White - English/Welsh/Scottish/Northern Irish/British,White,Misuse of Drugs Act 1971 (section 23),Controlled drugs,Nothing found - no further action,True,False
Person search,2017-06-07T14:05:00+00:00,,,50.853400,-1.192400,Female,25-34,Other ethnic group - Not stated,White,Misuse of Drugs Act 1971 (section 23),Controlled drugs,Nothing found - no further action,True,False
Person search,2017-06-07T14:05:00+00:00,,,50.853400,-1.192400,Female,25-34,White - English/Welsh/Scottish/Northern Irish/British,White,Misuse of Drugs Act 1971 (section 23),Controlled drugs,Nothing found - no further action,True,False
Person search,2017-06-07T16:15:00+00:00,,,50.377600,-4.143350,Male,18-24,White - English/Welsh/Scottish/Northern Irish/British,White,Police and Criminal Evidence Act 1984 (section 1),Controlled drugs,Nothing found - no further action,True,False
Person search,2017-06-07T16:25:00+00:00,,,50.377600,-4.143350,Male,18-24,White - English/Welsh/Scottish/Northern Irish/British,White,Police and Criminal Evidence Act 1984 (section 1),Article for use in theft,Offender given drugs possession warning,False,False
Person search,2017-06-07T16:50:00+00:00,,,51.517400,-0.082914,Male,25-34,White - English/Welsh/Scottish/Northern Irish/British,White,Misuse of Drugs Act 1971 (section 23),Controlled drugs,Suspect arrested,True,False
Person search,2017-06-07T18:10:00+00:00,,,53.958000,-1.093290,Male,25-34,White - English/Welsh/Scottish/Northern Irish/British,White,Misuse of Drugs Act 1971 (section 23),Controlled drugs,Nothing found - no further action,True,False
Person search,2017-06-08T00:30:00+00:00,,,51.541700,-0.003177,Male,over 34,White - English/Welsh/Scottish/Northern Irish/British,White,Police and Criminal Evidence Act 1984 (section 1),Offensive weapons,Nothing found - no further action,True,False
Person search,2017-06-08T22:15:00+00:00,,,51.237000,-0.581051,,18-24,Other ethnic group - Not stated,Black,Police and Criminal Evidence Act 1984 (section 1),Stolen goods,,True,False
Person search,2017-06-09T17:24:00+00:00,,,53.804900,-1.451400,Male,10-17,Black/African/Caribbean/Black British - Any other Black/African/Caribbean background,Black,Misuse of Drugs Act 1971 (section 23),Controlled drugs,Nothing found - no further action,True,False
Person search,2017-06-09T23:03:00+00:00,,,51.502900,-0.113136,Male,over 34,Asian/Asian British - Indian,Asian,Police and Criminal Evidence Act 1984 (section 1),,Nothing found - no further action,True,False
Person search,2017-06-09T23:40:00+00:00,,,51.539400,-0.142761,Male,,Black/African/Caribbean/Black British - African,Black,Police and Criminal Evidence Act 1984 (section 1),Offensive weapons,Nothing found - no further action,True,False
Person search,2017-06-10T10:25:00+00:00,,,52.483000,-1.855910,,10-17,Black/African/Caribbean/Black British - Caribbean,Black,Misuse of Drugs Act 1971 (section 23),Controlled drugs,Nothing found - no further action,True,False
Person search,2017-06-10T13:45:00+00:00,,,50.834400,-0.271604,Male,over 34,White - English/Welsh/Scottish/Northern Irish/British,White,Misuse of Drugs Act 1971 (section 23),Controlled drugs,Offender given drugs possession warning,True,False
Person search,2017-06-10T15:00:00+00:00,,,51.495400,-0.143700,Male,over 34,Other ethnic group - Not stated,White,Police and Criminal Evidence Act 1984 (section 1),Stolen goods,Nothing found - no further action,True,False
Person search,2017-06-10T20:40:00+00:00,,,52.034100,-0.774543,Male,25-34,White - English/Welsh/Scottish/Northern Irish/British,White,Misuse of Drugs Act 1971 (section 23),Controlled drugs,Nothing found - no further action,True,False
Person search,2017-06-10T20:40:00+00:00,,,52.034100,-0.774543,Male,25-34,White - English/Welsh/Scottish/Northern Irish/British,White,Misuse of Drugs Act 1971 (section 23),Controlled drugs,Nothing found - no further action,True,False
Person search,2017-06-11T13:02:00+00:00,,,51.495400,-0.143700,Male,18-24,White - English/Welsh/Scottish/Northern Irish/British,White,Misuse of Drugs Act 1971 (section 23),Controlled drugs,Nothing found - no further action,True,False
Person search,2017-06-11T21:15:00+00:00,,,51.608200,-0.000402,,25-34,Black/African/Caribbean/Black British - Caribbean,Black,Misuse of Drugs Act 1971 (section 23),Controlled drugs,Nothing found - no further action,True,False
Person search,2017-06-11T22:25:00+00:00,,,51.591800,0.027264,Male,10-17,White - English/Welsh/Scottish/Northern Irish/British,White,Police and Criminal Evidence Act 1984 (section 1),Offensive weapons,Nothing found - no further action,True,False
Person search,2017-06-12T12:09:00+00:00,,,53.476900,-2.230050,Male,10-17,Asian/Asian British - Indian,Asian,Police and Criminal Evidence Act 1984 (section 1),Article for use in theft,Nothing found - no further action,True,False
Person search,2017-06-12T16:00:00+00:00,,,51.589700,-2.998600,Female,25-34,White - English/Welsh/Scottish/Northern Irish/British,White,Misuse of Drugs Act 1971 (section 23),Controlled drugs,Nothing found - no further action,True,False
Person search,2017-06-12T16:05:00+00:00,,,51.589700,-2.998600,Male,over 34,White - English/Welsh/Scottish/Northern Irish/British,White,Misuse of Drugs Act 1971 (section 23),Controlled drugs,Nothing found - no further action,True,False
Person search,2017-06-12T20:40:00+00:00,,,51.548600,-0.092499,Male,25-34,Black/African/Caribbean/Black British - African,Black,Firearms Act 1968 (section 47),Firearms,Suspect arrested,True,False
Person search,2017-06-13T00:15:00+00:00,,,52.631400,-1.125300,Male,18-24,Black/African/Caribbean/Black British - African,Black,Misuse of Drugs Act 1971 (section 23),Controlled drugs,Offender given drugs possession warning,True,False
Person search,2017-06-13T10:50:00+00:00,,,53.755800,-2.707290,Male,10-17,White - English/Welsh/Scottish/Northern Irish/British,White,Police and Criminal Evidence Act 1984 (section 1),Offensive weapons,Nothing found - no further action,True,False
Person search,2017-06-13T18:55:00+00:00,,,52.574500,-0.250385,,10-17,White - English/Welsh/Scottish/Northern Irish/British,White,Police and Criminal Evidence Act 1984 (section 1),Stolen goods,Suspect arrested,True,False
Person search,2017-06-14T06:00:00+00:00,,,51.532500,-0.126010,Male,18-24,White - Any other White background,White,Misuse of Drugs Act 1971 (section 23),Controlled drugs,Nothing found - no further action,True,False
Person search,2017-06-14T08:25:00+00:00,,,51.459100,-0.971711,Male,,Other ethnic group - Not stated,White,Police and Criminal Evidence Act 1984 (section 1),Stolen goods,Nothing found - no further action,True,False
Person search,2017-06-14T16:00:00+00:00,,,51.882300,-0.413893,Male,25-34,White - English/Welsh/Scottish/Northern Irish/British,White,Misuse of Drugs Act 1971 (section 23),Controlled drugs,Nothing found - no further action,True,False
Person search,2017-06-14T17:05:00+00:00,,,51.495400,-0.143700,Male,10-17,Black/African/Caribbean/Black British - Caribbean,Black,Police and Criminal Evidence Act 1984 (section 1),Offensive weapons,Nothing found - no further action,True,False
Person search,2017-06-14T17:05:00+00:00,,,51.495400,-0.143700,Male,10-17,Black/African/Caribbean/Black British - Caribbean,Black,Police and Criminal Evidence Act 1984 (section 1),Offensive weapons,Nothing found - no further action,True,False
Person search,2017-06-14T19:20:00+00:00,,,50.829600,-0.141408,Male,25-34,White - English/Welsh/Scottish/Northern Irish/British,White,Misuse of Drugs Act 1971 (section 23),Controlled drugs,Offender given drugs possession warning,True,False
Person search,2017-06-15T10:30:00+00:00,,,52.711100,-2.749320,Male,18-24,White - English/Welsh/Scottish/Northern Irish/British,White,Misuse of Drugs Act 1971 (section 23),Offensive weapons,Suspect arrested,True,False
Person search,2017-06-15T15:50:00+00:00,,,51.600500,-0.409176,Male,10-17,White - English/Welsh/Scottish/Northern Irish/British,White,Police and Criminal Evidence Act 1984 (section 1),,Nothing found - no further action,True,False
Person search,2017-06-15T20:25:00+00:00,,,51.528500,-0.133415,Male,25-34,Asian/Asian British - Indian,Asian,Misuse of Drugs Act 1971 (section 23),Controlled drugs,Nothing found - no further action,True,False
Person search,2017-06-15T23:58:00+00:00,,,,,Male,18-24,Asian/Asian British - Bangladeshi,Asian,Misuse of Drugs Act 1971 (section 23),Controlled drugs,Nothing found - no further action,True,False
Person search,2017-06-16T14:50:00+00:00,,,52.477800,-1.898950,Male,over 34,Other ethnic group - Not stated,White,Police and Criminal Evidence Act 1984 (section 1),Stolen goods,Suspect arrested,True,False
Person search,2017-06-16T15:10:00+00:00,,,51.507400,-0.205753,Male,10-17,Black/African/Caribbean/Black British - African,Black,Misuse of Drugs Act 1971 (section 23),Controlled drugs,Nothing found - no further action,True,False
Person search,2017-06-16T16:20:00+00:00,,,51.374900,-0.092657,Male,25-34,White - English/Welsh/Scottish/Northern Irish/British,White,Police and Criminal Evidence Act 1984 (section 1),Offensive weapons,Nothing found - no further action,True,False
Person search,2017-06-16T21:05:00+00:00,,,,,Male,18-24,Asian/Asian British - Pakistani,Asian,Misuse of Drugs Act 1971 (section 23),Controlled drugs,Suspect arrested,True,False
Person search,2017-06-16T21:15:00+00:00,,,,,Male,10-17,Black/African/Caribbean/Black British - Caribbean,Black,Misuse of Drugs Act 1971 (section 23),Controlled drugs,Suspect arrested,True,False
Person search,2017-06-16T21:15:00+00:00,,,,,Male,10-17,Other ethnic group - Not stated,Black,Misuse of Drugs Act 1971 (section 23),Controlled drugs,Suspect arrested,True,False
Person search,2017-06-16T21:17:00+00:00,,,,,Male,,Other ethnic group - Not stated,Black,Misuse of Drugs Act 1971 (section 23),Controlled drugs,Suspect arrested,True,False
Person search,2017-06-16T22:45:00+00:00,,,,,Male,10-17,Black/African/Caribbean/Black British - Caribbean,Black,Misuse of Drugs Act 1971 (section 23),Controlled drugs,Suspect arrested,True,False
Person search,2017-06-17T13:45:00+00:00,,,51.517000,-0.177458,Male,25-34,White - English/Welsh/Scottish/Northern Irish/British,White,Misuse of Drugs Act 1971 (section 23),Controlled drugs,Nothing found - no further action,True,False
Person search,2017-06-17T21:10:00+00:00,,,51.507800,-0.017611,,25-34,Black/African/Caribbean/Black British - African,Black,Police and Criminal Evidence Act 1984 (section 1),Stolen goods,Suspect arrested,True,False
Person search,2017-06-17T21:45:00+00:00,,,51.459100,-0.971711,Male,25-34,White - English/Welsh/Scottish/Northern Irish/British,White,Misuse of Drugs Act 1971 (section 23),Controlled drugs,Nothing found - no further action,True,False
Person search,2017-06-18T04:00:00+00:00,,,51.374900,-0.092657,Male,over 34,White - English/Welsh/Scottish/Northern Irish/British,White,Police and Criminal Evidence Act 1984 (section 1),Offensive weapons,Nothing found - no further action,True,False
Person search,2017-06-18T09:00:00+00:00,,,51.459100,-0.971711,Male,10-17,Mixed/Multiple ethnic groups - Any other Mixed/Multiple ethnic background,Black,Police and Criminal Evidence Act 1984 (section 1),Stolen goods,Nothing found - no further action,True,False
Person search,2017-06-18T12:38:00+00:00,,,53.476900,-2.230050,Male,over 34,White - English/Welsh/Scottish/Northern Irish/British,White,Misuse of Drugs Act 1971 (section 23),Controlled drugs,Suspect summonsed to court,True,False
Person search,2017-06-18T12:50:00+00:00,,,51.495400,-0.143700,Female,over 34,Black/African/Caribbean/Black British - African,Black,Police and Criminal Evidence Act 1984 (section 1),Stolen goods,Suspect arrested,True,False
Person search,2017-06-18T15:00:00+00:00,,,52.479000,-1.892290,,25-34,Other ethnic group - Not stated,White,Misuse of Drugs Act 1971 (section 23),Controlled drugs,Suspect arrested,True,False
Person search,2017-06-18T21:00:00+00:00,,,51.517400,-0.082914,Male,18-24,White - English/Welsh/Scottish/Northern Irish/British,White,Misuse of Drugs Act 1971 (section 23),Controlled drugs,Nothing found - no further action,True,False
Person search,2017-06-18T22:20:00+00:00,,,53.378100,-1.462170,Male,over 34,White - English/Welsh/Scottish/Northern Irish/British,White,Police and Criminal Evidence Act 1984 (section 1),,Nothing found - no further action,True,False
Person search,2017-06-19T10:26:00+00:00,,,51.374900,-0.092657,Male,over 34,Black/African/Caribbean/Black British - Any other Black/African/Caribbean background,Other,Police and Criminal Evidence Act 1984 (section 1),,Nothing found - no further action,True,False
Person search,2017-06-19T10:26:00+00:00,,,51.374900,-0.092657,,over 34,Black/African/Caribbean/Black British - Any other Black/African/Caribbean background,Other,Police and Criminal Evidence Act 1984 (section 1),Offensive weapons,Nothing found - no further action,True,False
Person search,2017-06-19T11:40:00+00:00,,,51.374900,-0.092657,Male,over 34,Asian/Asian British - Any other Asian background,Other,Police and Criminal Evidence Act 1984 (section 1),Offensive weapons,Nothing found - no further action,True,False
Person search,2017-06-19T13:10:00+00:00,,,51.495400,-0.143700,Female,18-24,White - English/Welsh/Scottish/Northern Irish/British,White,Police and Criminal Evidence Act 1984 (section 1),Offensive weapons,Nothing found - no further action,True,False
Person search,2017-06-19T16:00:00+00:00,,,,,Male,18-24,Asian/Asian British - Bangladeshi,Asian,Misuse of Drugs Act 1971 (section 23),Controlled drugs,Offender given drugs possession warning,True,False
Person search,2017-06-19T16:00:00+00:00,,,51.511500,-0.078525,Male,18-24,Asian/Asian British - Bangladeshi,Asian,Misuse of Drugs Act 1971 (section 23),Controlled drugs,Offender given drugs possession warning,True,False
Person search,2017-06-19T16:40:00+00:00,,,53.794800,-1.549110,Male,over 34,Other ethnic group - Not stated,White,Police and Criminal Evidence Act 1984 (section 1),Stolen goods,Suspect arrested,True,False
Person search,2017-06-19T18:30:00+00:00,,,51.560300,0.507025,Male,10-17,Other ethnic group - Not stated,White,Police and Criminal Evidence Act 1984 (section 1),Article for use in theft,Suspect arrested,True,False
Person search,2017-06-20T08:45:00+00:00,,,54.968500,-1.616360,Male,over 34,White - English/Welsh/Scottish/Northern Irish/British,White,Misuse of Drugs Act 1971 (section 23),Controlled drugs,Suspect summonsed to court,True,False
Person search,2017-06-20T11:00:00+00:00,,,53.407900,-2.977600,Male,over 34,White - English/Welsh/Scottish/Northern Irish/British,White,Criminal Justice and Public Order Act 1994 (section 60),Offensive weapons,Nothing found - no further action,True,False
Person search,2017-06-20T13:00:00+00:00,,,51.531800,-0.123189,Male,over 34,Other ethnic group - Not stated,White,Police and Criminal Evidence Act 1984 (section 1),,Nothing found - no further action,True,False
Person search,2017-06-20T13:00:00+00:00,,,51.531800,-0.123189,Male,,Other ethnic group - Not stated,White,Police and Criminal Evidence Act 1984 (section 1),Stolen goods,Nothing found - no further action,True,False
Person search,2017-06-20T15:00:00+00:00,,,53.755800,-2.707290,Female,over 34,White - English/Welsh/Scottish/Northern Irish/British,White,Police and Criminal Evidence Act 1984 (section 1),Stolen goods,Nothing found - no further action,True,False
Person search,2017-06-20T15:19:00+00:00,,,51.523000,-0.124329,Male,18-24,White - English/Welsh/Scottish/Northern Irish/British,White,Misuse of Drugs Act 1971 (section 23),Controlled drugs,Nothing found - no further action,True,False
Person search,2017-06-21T15:11:00+00:00,,,51.507400,-0.205753,Male,18-24,Black/African/Caribbean/Black British - African,Black,Misuse of Drugs Act 1971 (section 23),Controlled drugs,Nothing found - no further action,True,False
Person search,2017-06-21T15:45:00+00:00,,,51.318600,-0.557111,Male,over 34,White - English/Welsh/Scottish/Northern Irish/British,White,Misuse of Drugs Act 1971 (section 23),Controlled drugs,Offender given drugs possession warning,True,False
Person search,2017-06-22T05:55:00+00:00,,,51.459100,-0.971711,Male,25-34,White - English/Welsh/Scottish/Northern Irish/British,White,Misuse of Drugs Act 1971 (section 23),Controlled drugs,Nothing found - no further action,True,False
Person search,2017-06-22T20:35:00+00:00,,,51.406300,-0.676133,Male,over 34,Asian/Asian British - Indian,Asian,Police and Criminal Evidence Act 1984 (section 1),Article for use in theft,Nothing found - no further action,True,False
Person search,2017-06-22T21:00:00+00:00,,,51.502900,-0.113136,,over 34,Other ethnic group - Not stated,,Firearms Act 1968 (section 47),Firearms,Nothing found - no further action,True,False
Person search,2017-06-23T15:10:00+00:00,,,51.415700,0.749746,Male,18-24,White - English/Welsh/Scottish/Northern Irish/British,White,Police and Criminal Evidence Act 1984 (section 1),Offensive weapons,Nothing found - no further action,True,False
Person search,2017-06-23T22:30:00+00:00,,,51.550500,-0.164279,,18-24,Other ethnic group - Any other ethnic group,White,Misuse of Drugs Act 1971 (section 23),Controlled drugs,Nothing found - no further action,True,False
Person search,2017-06-24T15:00:00+00:00,,,51.517400,-0.082914,Male,over 34,White - English/Welsh/Scottish/Northern Irish/British,White,Misuse of Drugs Act 1971 (section 23),Controlled drugs,Nothing found - no further action,True,False
Person search,2017-06-24T17:00:00+00:00,,,50.729200,-3.543310,Male,18-24,Black/African/Caribbean/Black British - Caribbean,White,Misuse of Drugs Act 1971 (section 23),Controlled drugs,Nothing found - no further action,True,False
Person search,2017-06-24T19:22:00+00:00,,,51.406300,-0.676133,Male,over 34,White - English/Welsh/Scottish/Northern Irish/British,White,Misuse of Drugs Act 1971 (section 23),Controlled drugs,Nothing found - no further action,True,False
Person search,2017-06-24T22:40:00+00:00,,,51.589700,-2.998600,Male,25-34,White - English/Welsh/Scottish/Northern Irish/British,White,Police and Criminal Evidence Act 1984 (section 1),Stolen goods,Nothing found - no further action,True,False
Person search,2017-06-24T22:45:00+00:00,,,51.589700,-2.998600,Male,25-34,White - English/Welsh/Scottish/Northern Irish/British,White,Police and Criminal Evidence Act 1984 (section 1),Stolen goods,Suspect arrested,True,False
Person search,2017-06-25T08:40:00+00:00,,,51.495400,-0.143700,Female,18-24,White - English/Welsh/Scottish/Northern Irish/British,White,Misuse of Drugs Act 1971 (section 23),Controlled drugs,Offender given drugs possession warning,True,False
Person search,2017-06-25T13:20:00+00:00,,,51.501400,-0.124915,Male,18-24,Other ethnic group - Not stated,Asian,Police and Criminal Evidence Act 1984 (section 1),Stolen goods,Nothing found - no further action,True,False
Person search,2017-06-25T14:20:00+00:00,,,51.598000,-0.120461,,25-34,Black/African/Caribbean/Black British - Caribbean,Black,Police and Criminal Evidence Act 1984 (section 1),Stolen goods,Nothing found - no further action,True,False
Person search,2017-06-25T14:40:00+00:00,,,51.598000,-0.120461,Male,25-34,White - English/Welsh/Scottish/Northern Irish/British,White,Police and Criminal Evidence Act 1984 (section 1),Stolen goods,Nothing found - no further action,True,False
Person search,2017-06-25T15:00:00+00:00,,,53.648500,-1.784750,Male,10-17,White - English/Welsh/Scottish/Northern Irish/British,White,Misuse of Drugs Act 1971 (section 23),Controlled drugs,Local resolution,True,False
Person search,2017-06-25T17:37:00+00:00,,,51.503500,-0.018068,Male,18-24,Asian/Asian British - Bangladeshi,Asian,Misuse of Drugs Act 1971 (section 23),Controlled drugs,Suspect arrested,True,False
Person search,2017-06-26T14:10:00+00:00,,,53.958000,-1.093290,Male,over 34,Other ethnic group - Not stated,White,Misuse of Drugs Act 1971 (section 23),Controlled drugs,Nothing found - no further action,True,False
Person search,2017-06-26T15:15:00+00:00,,,51.459100,-0.971711,Female,25-34,White - English/Welsh/Scottish/Northern Irish/British,White,Police and Criminal Evidence Act 1984 (section 1),Stolen goods,Suspect summonsed to court,True,False
Person search,2017-06-27T07:45:00+00:00,,,51.517000,-0.177458,Male,18-24,White - English/Welsh/Scottish/Northern Irish/British,White,Police and Criminal Evidence Act 1984 (section 1),Stolen goods,Offender given penalty notice,True,False
Person search,2017-06-27T11:00:00+00:00,,,51.532500,-0.126010,Male,25-34,White - Any other White background,White,Police and Criminal Evidence Act 1984 (section 1),Stolen goods,Nothing found - no further action,True,False
Person search,2017-06-27T17:55:00+00:00,,,51.499400,-0.314137,Female,over 34,Other ethnic group - Not stated,Asian,Misuse of Drugs Act 1971 (section 23),Controlled drugs,Nothing found - no further action,True,False
Person search,2017-06-28T12:00:00+00:00,,,51.657100,-3.016010,Male,over 34,White - English/Welsh/Scottish/Northern Irish/British,White,Police and Criminal Evidence Act 1984 (section 1),Stolen goods,Nothing found - no further action,True,False
Person search,2017-06-28T17:30:00+00:00,,,53.199300,-2.351100,Male,10-17,White - English/Welsh/Scottish/Northern Irish/British,White,Police and Criminal Evidence Act 1984 (section 1),Offensive weapons,Nothing found - no further action,True,False
Person search,2017-06-28T20:20:00+00:00,,,51.237000,-0.581051,Male,10-17,White - English/Welsh/Scottish/Northern Irish/British,White,Misuse of Drugs Act 1971 (section 23),Controlled drugs,Nothing found - no further action,True,False
Person search,2017-06-28T20:20:00+00:00,,,51.544100,0.561595,Male,18-24,White - English/Welsh/Scottish/Northern Irish/British,White,Misuse of Drugs Act 1971 (section 23),Controlled drugs,Offender given penalty notice,True,False
Person search,2017-06-28T20:45:00+00:00,,,51.746900,-0.010941,,25-34,White - English/Welsh/Scottish/Northern Irish/British,White,Misuse of Drugs Act 1971 (section 23),Controlled drugs,Nothing found - no further action,True,False
Person search,2017-06-28T22:00:00+00:00,,,53.542900,-2.632870,,18-24,White - English/Welsh/Scottish/Northern Irish/British,White,Misuse of Drugs Act 1971 (section 23),Controlled drugs,Suspect arrested,True,False
Person search,2017-06-28T22:00:00+00:00,,,53.542900,-2.632870,Male,25-34,White - English/Welsh/Scottish/Northern Irish/British,White,Misuse of Drugs Act 1971 (section 23),Controlled drugs,Suspect arrested,True,False
Person search,2017-06-29T07:35:00+00:00,,,53.476900,-2.230050,Male,over 34,White - English/Welsh/Scottish/Northern Irish/British,White,Police and Criminal Evidence Act 1984 (section 1),Stolen goods,Nothing found - no further action,True,False
Person search,2017-06-29T09:00:00+00:00,,,51.462800,-0.114834,,25-34,Mixed/Multiple ethnic groups - White and Black African,Black,Police and Criminal Evidence Act 1984 (section 1),Stolen goods,Nothing found - no further action,True,False
Person search,2017-06-29T12:55:00+00:00,,,51.530500,-0.123533,Male,over 34,Black/African/Caribbean/Black British - African,Black,Police and Criminal Evidence Act 1984 (section 1),Offensive weapons,Nothing found - no further action,True,False
Person search,2017-06-29T21:40:00+00:00,,,51.502900,-0.113136,Male,25-34,White - English/Welsh/Scottish/Northern Irish/British,White,Misuse of Drugs Act 1971 (section 23),Controlled drugs,Suspect summonsed to court,True,False
Person search,2017-06-30T16:15:00+00:00,,,54.048800,-2.807800,,over 34,White - English/Welsh/Scottish/Northern Irish/British,White,Misuse of Drugs Act 1971 (section 23),Controlled drugs,Nothing found - no further action,True,False
Person search,2017-06-30T18:10:00+00:00,,,53.088600,-2.432820,,over 34,White - English/Welsh/Scottish/Northern Irish/British,White,Misuse of Drugs Act 1971 (section 23),Controlled drugs,Nothing found - no further action,True,False
Person search,2017-06-30T21:05:00+00:00,,,51.517000,-0.177458,Male,over 34,White - English/Welsh/Scottish/Northern Irish/British,White,Misuse of Drugs Act 1971 (section 23),Controlled drugs,Nothing found - no further action,True,False
Person search,2017-06-30T22:02:00+00:00,,,53.088600,-2.432820,Male,over 34,Other ethnic group - Not stated,White,Misuse of Drugs Act 1971 (section 23),Controlled drugs,Nothing found - no further action,True,False
