Type,Date,Part of a policing operation,Policing operation,Latitude,Longitude,Gender,Age range,Self-defined ethnicity,Officer-defined ethnicity,Legislation,Object of search,Outcome,Outcome linked to object of search,Removal of more than just outer clothing
Person search,2019-05-31T23:30:00+00:00,,,51.556700,-0.178266,Male,,Other ethnic group - Not stated,White,Police and Criminal Evidence Act 1984 (section 1),Anything to threaten or harm anyone,A no further action disposal,True,False
Person search,2019-06-01T14:00:00+00:00,,,52.194800,0.136968,Male,10-17,,White,Misuse of Drugs Act 1971 (section 23),Controlled drugs,Arrest,True,False
Person search,2019-06-01T15:44:00+00:00,,,54.779400,-1.581800,Male,over 34,White - English/Welsh/Scottish/Northern Irish/British,White,Police and Criminal Evidence Act 1984 (section 1),Stolen goods,Arrest,True,False
Person search,2019-06-01T16:00:00+00:00,,,51.526096,0.153038,Male,25-34,Other ethnic group - Not stated,White,Police and Criminal Evidence Act 1984 (section 1),Offensive weapons,A no further action disposal,False,False
Person search,2019-06-01T16:34:00+00:00,,,51.380600,0.520417,Male,25-34,White - English/Welsh/Scottish/Northern Irish/British,White,Misuse of Drugs Act 1971 (section 23),Controlled drugs,A no further action disposal,True,False
Person search,2019-06-01T16:40:00+00:00,,,51.380600,0.520417,Male,10-17,Black/African/Caribbean/Black British - Caribbean,Black,Police and Criminal Evidence Act 1984 (section 1),Offensive weapons,A no further action disposal,True,False
Person search,2019-06-01T16:51:00+00:00,,,51.380600,0.520417,Male,18-24,Mixed/Multiple ethnic groups - White and Black African,Black,Misuse of Drugs Act 1971 (section 23),Controlled drugs,A no further action disposal,True,False
Person search,2019-06-02T08:30:00+00:00,,,51.532500,-0.126010,Male,over 34,Other ethnic group - Not stated,Black,Police and Criminal Evidence Act 1984 (section 1),Stolen goods,Summons / charged by post,True,False
Person search,2019-06-02T20:40:00+00:00,,,53.522000,-1.139610,Male,25-34,White - English/Welsh/Scottish/Northern Irish/British,White,Misuse of Drugs Act 1971 (section 23),Controlled drugs,A no further action disposal,True,False
Person search,2019-06-03T09:15:00+00:00,,,52.631569,-1.124283,Female,25-34,White - English/Welsh/Scottish/Northern Irish/British,White,Police and Criminal Evidence Act 1984 (section 1),Stolen goods,A no further action disposal,True,False
Person search,2019-06-03T09:15:00+00:00,,,52.631569,-1.124283,Female,25-34,White - English/Welsh/Scottish/Northern Irish/British,White,Police and Criminal Evidence Act 1984 (section 1),Stolen goods,A no further action disposal,True,False
Person search,2019-06-03T09:30:00+00:00,,,51.532500,-0.126010,Female,25-34,,White,Police and Criminal Evidence Act 1984 (section 1),Stolen goods,Arrest,True,False
Person search,2019-06-03T10:27:00+00:00,,,54.048800,-2.807800,Male,over 34,White - English/Welsh/Scottish/Northern Irish/British,White,Misuse of Drugs Act 1971 (section 23),Controlled drugs,Khat or Cannabis warning,True,False
Person search,2019-06-03T11:10:00+00:00,,,53.522000,-1.139610,Male,25-34,White - English/Welsh/Scottish/Northern Irish/British,White,Misuse of Drugs Act 1971 (section 23),Controlled drugs,A no further action disposal,True,False
Person search,2019-06-03T11:30:00+00:00,,,53.522000,-1.139610,Male,10-17,White - English/Welsh/Scottish/Northern Irish/British,White,Misuse of Drugs Act 1971 (section 23),Controlled drugs,A no further action disposal,True,False
Person search,2019-06-03T16:29:00+00:00,,,54.969158,-1.612462,,18-24,White - English/Welsh/Scottish/Northern Irish/British,White,Misuse of Drugs Act 1971 (section 23),Controlled drugs,Arrest,True,False
Person search,2019-06-03T16:55:00+00:00,,,51.223200,1.398770,Female,10-17,Other ethnic group - Not stated,White,Misuse of Drugs Act 1971 (section 23),Controlled drugs,A no further action disposal,True,False
Person search,2019-06-03T16:55:00+00:00,,,51.223200,1.398770,Male,10-17,Other ethnic group - Not stated,White,Misuse of Drugs Act 1971 (section 23),Controlled drugs,A no further action disposal,True,False
Person search,2019-06-03T19:13:00+00:00,,,51.672700,-0.047236,Male,10-17,Other ethnic group - Not stated,White,Misuse of Drugs Act 1971 (section 23),Controlled drugs,A no further action disposal,True,False
Person search,2019-06-03T20:45:00+00:00,,,51.641400,0.055287,Female,10-17,White - English/Welsh/Scottish/Northern Irish/British,White,Misuse of Drugs Act 1971 (section 23),Controlled drugs,A no further action disposal,True,False
Person search,2019-06-03T20:45:00+00:00,,,51.641400,0.055287,Male,10-17,Other ethnic group - Not stated,Black,Misuse of Drugs Act 1971 (section 23),Controlled drugs,A no further action disposal,True,False
Person search,2019-06-03T20:45:00+00:00,,,51.641400,0.055287,Male,18-24,Black/African/Caribbean/Black British - Any other Black/African/Caribbean background,Black,Misuse of Drugs Act 1971 (section 23),Controlled drugs,A no further action disposal,True,False
Person search,2019-06-03T20:46:00+00:00,,,51.641400,0.055287,Female,10-17,White - English/Welsh/Scottish/Northern Irish/British,White,Misuse of Drugs Act 1971 (section 23),Controlled drugs,A no further action disposal,True,False
Person search,2019-06-03T22:10:00+00:00,,,51.503381,-0.112226,Male,18-24,,,Misuse of Drugs Act 1971 (section 23),Controlled drugs,Arrest,True,False
Person search,2019-06-04T02:30:00+00:00,,,51.311400,0.891574,Male,over 34,,,Police and Criminal Evidence Act 1984 (section 1),Articles for use in criminal damage,A no further action disposal,True,False
Person search,2019-06-04T07:22:00+00:00,,,51.427600,-0.168027,Male,over 34,White - Any other White background,White,Police and Criminal Evidence Act 1984 (section 1),Stolen goods,A no further action disposal,True,False
Person search,2019-06-04T08:25:00+00:00,,,51.537777,-0.000376,Male,over 34,Other ethnic group - Not stated,Asian,Misuse of Drugs Act 1971 (section 23),Controlled drugs,A no further action disposal,True,False
Person search,2019-06-04T08:25:00+00:00,,,51.537777,-0.000376,Female,over 34,Other ethnic group - Not stated,Asian,Misuse of Drugs Act 1971 (section 23),Controlled drugs,A no further action disposal,False,False
Person search,2019-06-04T13:43:00+00:00,,,50.730900,-3.522870,Male,over 34,White - English/Welsh/Scottish/Northern Irish/British,White,Misuse of Drugs Act 1971 (section 23),Controlled drugs,A no further action disposal,True,False
Person search,2019-06-04T13:45:00+00:00,,,50.730900,-3.522870,Male,25-34,White - English/Welsh/Scottish/Northern Irish/British,White,Misuse of Drugs Act 1971 (section 23),Controlled drugs,A no further action disposal,True,False
Person search,2019-06-04T16:48:00+00:00,,,51.464500,-0.170493,Male,18-24,Other ethnic group - Not stated,White,Misuse of Drugs Act 1971 (section 23),Controlled drugs,A no further action disposal,True,False
Person search,2019-06-04T18:30:00+00:00,,,52.194800,0.136968,Male,18-24,,,Misuse of Drugs Act 1971 (section 23),Controlled drugs,A no further action disposal,True,False
Person search,2019-06-04T21:00:00+00:00,,,51.503381,-0.112226,Male,10-17,White - English/Welsh/Scottish/Northern Irish/British,White,Police and Criminal Evidence Act 1984 (section 1),Article for use in theft,A no further action disposal,True,False
Person search,2019-06-05T02:28:00+00:00,,,51.872300,-0.396087,Male,18-24,Other ethnic group - Not stated,Asian,Misuse of Drugs Act 1971 (section 23),Controlled drugs,Khat or Cannabis warning,True,False
Person search,2019-06-05T06:55:00+00:00,,,51.544756,-0.008694,Male,18-24,Other ethnic group - Not stated,White,Misuse of Drugs Act 1971 (section 23),Controlled drugs,Arrest,True,False
Person search,2019-06-05T06:55:00+00:00,,,51.513600,-0.158453,Male,25-34,White - Any other White background,White,Police and Criminal Evidence Act 1984 (section 1),Stolen goods,A no further action disposal,True,False
Person search,2019-06-05T07:40:00+00:00,,,51.450291,-2.579421,Male,25-34,White - English/Welsh/Scottish/Northern Irish/British,White,Misuse of Drugs Act 1971 (section 23),Controlled drugs,Arrest,True,False
Person search,2019-06-05T08:25:00+00:00,,,51.536500,-0.258337,Male,18-24,,Black,Misuse of Drugs Act 1971 (section 23),Controlled drugs,Khat or Cannabis warning,True,False
Person search,2019-06-05T10:18:00+00:00,,,51.536500,-0.258337,,25-34,White - English/Welsh/Scottish/Northern Irish/British,White,Misuse of Drugs Act 1971 (section 23),Controlled drugs,A no further action disposal,True,False
Person search,2019-06-05T11:45:00+00:00,,,52.477800,-1.898950,Male,over 34,White - English/Welsh/Scottish/Northern Irish/British,White,Misuse of Drugs Act 1971 (section 23),Controlled drugs,A no further action disposal,True,False
Person search,2019-06-05T13:05:00+00:00,,,51.532000,-0.244558,Male,over 34,Black/African/Caribbean/Black British - Caribbean,Black,Misuse of Drugs Act 1971 (section 23),Controlled drugs,Khat or Cannabis warning,True,False
Person search,2019-06-05T19:05:00+00:00,,,51.311400,0.891574,Male,10-17,Other ethnic group - Not stated,Asian,Misuse of Drugs Act 1971 (section 23),Controlled drugs,A no further action disposal,True,False
Person search,2019-06-05T20:00:00+00:00,,,53.795861,-1.543772,Male,25-34,White - English/Welsh/Scottish/Northern Irish/British,White,Misuse of Drugs Act 1971 (section 23),Controlled drugs,Arrest,True,False
Person search,2019-06-05T21:25:00+00:00,,,51.476028,-3.177099,Male,25-34,White - English/Welsh/Scottish/Northern Irish/British,White,Misuse of Drugs Act 1971 (section 23),Controlled drugs,Arrest,True,False
Person search,2019-06-06T04:06:00+00:00,,,52.195000,-2.221320,Female,18-24,White - English/Welsh/Scottish/Northern Irish/British,White,Misuse of Drugs Act 1971 (section 23),Controlled drugs,Khat or Cannabis warning,True,False
Person search,2019-06-06T07:35:00+00:00,,,51.528500,-0.133415,Male,over 34,White - English/Welsh/Scottish/Northern Irish/British,White,Police and Criminal Evidence Act 1984 (section 1),Anything to threaten or harm anyone,A no further action disposal,True,False
Person search,2019-06-06T11:20:00+00:00,,,51.510790,-0.086052,Male,25-34,,White,Police and Criminal Evidence Act 1984 (section 1),Article for use in theft,A no further action disposal,True,False
Person search,2019-06-06T11:20:00+00:00,,,50.794700,0.054729,Male,over 34,Asian/Asian British - Bangladeshi,Asian,Misuse of Drugs Act 1971 (section 23),Controlled drugs,A no further action disposal,True,False
Person search,2019-06-06T11:33:00+00:00,,,51.510790,-0.086052,Male,over 34,,White,Police and Criminal Evidence Act 1984 (section 1),,A no further action disposal,True,False
Person search,2019-06-06T11:35:00+00:00,,,51.510790,-0.086052,Male,25-34,,White,Police and Criminal Evidence Act 1984 (section 1),,A no further action disposal,True,False
Person search,2019-06-06T12:15:00+00:00,,,51.496200,-0.143100,Male,18-24,White - Any other White background,White,Misuse of Drugs Act 1971 (section 23),Controlled drugs,A no further action disposal,True,False
Person search,2019-06-06T12:55:00+00:00,,,51.237732,-0.580316,Male,over 34,Other ethnic group - Not stated,White,Misuse of Drugs Act 1971 (section 23),Controlled drugs,A no further action disposal,True,False
Person search,2019-06-06T13:10:00+00:00,,,51.531800,-0.123189,Male,,Other ethnic group - Not stated,White,Police and Criminal Evidence Act 1984 (section 1),Stolen goods,A no further action disposal,True,False
Person search,2019-06-06T19:40:00+00:00,,,51.539600,0.052628,Male,18-24,Asian/Asian British - Any other Asian background,Asian,Misuse of Drugs Act 1971 (section 23),Controlled drugs,A no further action disposal,True,False
Person search,2019-06-06T20:00:00+00:00,,,52.477800,-1.898950,Male,18-24,Black/African/Caribbean/Black British - Caribbean,Black,Police and Criminal Evidence Act 1984 (section 1),Article for use in theft,A no further action disposal,True,False
Person search,2019-06-07T07:00:00+00:00,,,,,Male,25-34,White - English/Welsh/Scottish/Northern Irish/British,White,Police and Criminal Evidence Act 1984 (section 1),Anything to threaten or harm anyone,A no further action disposal,False,False
Person search,2019-06-07T13:30:00+00:00,,,52.631569,-1.124283,Male,25-34,Other ethnic group - Not stated,White,Misuse of Drugs Act 1971 (section 23),Controlled drugs,Arrest,False,False
Person search,2019-06-07T14:07:00+00:00,,,53.755800,-2.707290,Male,10-17,White - English/Welsh/Scottish/Northern Irish/British,White,Misuse of Drugs Act 1971 (section 23),Controlled drugs,A no further action disposal,True,False
Person search,2019-06-07T14:15:00+00:00,,,51.583400,-0.072700,Male,25-34,Other ethnic group - Not stated,White,Misuse of Drugs Act 1971 (section 23),Controlled drugs,A no further action disposal,True,False
Person search,2019-06-07T15:30:00+00:00,,,51.489300,-0.133463,Male,over 34,White - English/Welsh/Scottish/Northern Irish/British,White,Misuse of Drugs Act 1971 (section 23),Controlled drugs,A no further action disposal,True,False
Person search,2019-06-07T15:45:00+00:00,,,51.489300,-0.133463,Male,over 34,Other ethnic group - Not stated,White,Misuse of Drugs Act 1971 (section 23),Controlled drugs,A no further action disposal,True,False
Person search,2019-06-07T15:55:00+00:00,,,51.548800,-0.060787,Male,25-34,White - English/Welsh/Scottish/Northern Irish/British,White,Police and Criminal Evidence Act 1984 (section 1),Anything to threaten or harm anyone,A no further action disposal,True,False
Person search,2019-06-07T16:15:00+00:00,,,54.969158,-1.612462,Male,25-34,Other ethnic group - Not stated,White,Police and Criminal Evidence Act 1984 (section 1),Anything to threaten or harm anyone,Arrest,True,False
Person search,2019-06-07T16:40:00+00:00,,,51.582816,-0.019069,Male,,Other ethnic group - Not stated,Black,Police and Criminal Evidence Act 1984 (section 1),Anything to threaten or harm anyone,A no further action disposal,True,False
Person search,2019-06-07T16:50:00+00:00,,,51.489300,-0.133463,Male,25-34,Asian/Asian British - Any other Asian background,Asian,Misuse of Drugs Act 1971 (section 23),Controlled drugs,A no further action disposal,True,False
Person search,2019-06-07T17:02:00+00:00,,,50.870600,0.011675,Male,10-17,Other ethnic group - Not stated,White,Misuse of Drugs Act 1971 (section 23),Controlled drugs,A no further action disposal,True,False
Person search,2019-06-07T17:05:00+00:00,,,50.870600,0.011675,Male,10-17,Other ethnic group - Not stated,White,Misuse of Drugs Act 1971 (section 23),Controlled drugs,A no further action disposal,True,False
Person search,2019-06-07T17:10:00+00:00,,,53.088600,-2.432820,Male,over 34,White - English/Welsh/Scottish/Northern Irish/British,White,Misuse of Drugs Act 1971 (section 23),Controlled drugs,A no further action disposal,True,False
Person search,2019-06-07T17:20:00+00:00,,,50.798400,-1.090470,Female,10-17,White - Any other White background,White,Police and Criminal Evidence Act 1984 (section 1),Articles for use in criminal damage,Arrest,True,False
Person search,2019-06-07T17:28:00+00:00,,,51.582816,-0.019069,,25-34,White - English/Welsh/Scottish/Northern Irish/British,White,Misuse of Drugs Act 1971 (section 23),Controlled drugs,A no further action disposal,True,False
Person search,2019-06-07T21:45:00+00:00,,,51.535400,0.035180,Male,25-34,Other ethnic group - Not stated,White,Police and Criminal Evidence Act 1984 (section 1),Anything to threaten or harm anyone,A no further action disposal,True,False
Person search,2019-06-08T09:19:00+00:00,,,51.541264,-0.003338,Male,over 34,White - English/Welsh/Scottish/Northern Irish/British,White,Misuse of Drugs Act 1971 (section 23),Controlled drugs,A no further action disposal,True,False
Person search,2019-06-08T09:40:00+00:00,,,51.531800,-0.123189,Female,over 34,White - English/Welsh/Scottish/Northern Irish/British,White,Misuse of Drugs Act 1971 (section 23),Controlled drugs,A no further action disposal,True,False
Person search,2019-06-08T09:50:00+00:00,,,51.531800,-0.123189,Male,over 34,White - English/Welsh/Scottish/Northern Irish/British,White,Misuse of Drugs Act 1971 (section 23),Controlled drugs,A no further action disposal,True,False
Person search,2019-06-08T15:00:00+00:00,,,51.535400,0.035180,Male,10-17,Black/African/Caribbean/Black British - Caribbean,Black,Police and Criminal Evidence Act 1984 (section 1),Anything to threaten or harm anyone,A no further action disposal,True,False
Person search,2019-06-08T18:30:00+00:00,,,51.374900,-0.092657,Male,10-17,Other ethnic group - Not stated,Black,Criminal Justice and Public Order Act 1994 (section 60),Evidence of offences under the Act,A no further action disposal,True,False
Person search,2019-06-08T20:50:00+00:00,,,52.477800,-1.898950,Male,18-24,White - Any other White background,White,Misuse of Drugs Act 1971 (section 23),Controlled drugs,A no further action disposal,True,False
Person search,2019-06-08T21:25:00+00:00,,,52.535700,-1.832520,Male,18-24,White - English/Welsh/Scottish/Northern Irish/British,White,Misuse of Drugs Act 1971 (section 23),Controlled drugs,A no further action disposal,True,False
Person search,2019-06-08T21:25:00+00:00,,,52.535700,-1.832520,Male,18-24,White - English/Welsh/Scottish/Northern Irish/British,White,Misuse of Drugs Act 1971 (section 23),Controlled drugs,A no further action disposal,True,False
Person search,2019-06-08T23:06:00+00:00,,,51.498001,-0.049662,Male,over 34,White - Any other White background,,Police and Criminal Evidence Act 1984 (section 1),Offensive weapons,Arrest,False,False
Person search,2019-06-09T03:57:00+00:00,,,51.564737,-0.105883,Male,18-24,Other ethnic group - Not stated,White,Misuse of Drugs Act 1971 (section 23),Controlled drugs,A no further action disposal,True,False
Person search,2019-06-09T06:45:00+00:00,,,54.969158,-1.612462,Male,25-34,White - English/Welsh/Scottish/Northern Irish/British,White,Police and Criminal Evidence Act 1984 (section 1),Offensive weapons,A no further action disposal,True,False
Person search,2019-06-09T12:15:00+00:00,,,51.392500,-0.303827,Male,10-17,White - English/Welsh/Scottish/Northern Irish/British,White,Police and Criminal Evidence Act 1984 (section 1),Article for use in theft,A no further action disposal,True,False
Person search,2019-06-09T15:00:00+00:00,,,53.477512,-2.226586,Male,18-24,Other ethnic group - Not stated,Other,Psychoactive Substances Act 2016 (s36(2)),Psychoactive substances,Arrest,True,False
Person search,2019-06-09T15:02:00+00:00,,,53.477512,-2.226586,Male,18-24,Other ethnic group - Not stated,Black,Misuse of Drugs Act 1971 (section 23),Controlled drugs,Arrest,True,False
Person search,2019-06-09T18:00:00+00:00,,,51.571000,-0.095745,Male,,Other ethnic group - Not stated,Black,Police and Criminal Evidence Act 1984 (section 1),Stolen goods,A no further action disposal,True,False
Person search,2019-06-09T19:08:00+00:00,,,53.795861,-1.543772,Female,over 34,White - English/Welsh/Scottish/Northern Irish/British,White,Misuse of Drugs Act 1971 (section 23),Controlled drugs,A no further action disposal,True,False
Person search,2019-06-10T05:30:00+00:00,,,51.532500,-0.126010,Male,10-17,Other ethnic group - Not stated,Black,Police and Criminal Evidence Act 1984 (section 1),Article for use in theft,A no further action disposal,True,False
Person search,2019-06-10T07:55:00+00:00,,,51.505700,-0.087053,Male,over 34,Other ethnic group - Not stated,White,Police and Criminal Evidence Act 1984 (section 1),Stolen goods,Arrest,True,False
Person search,2019-06-10T08:22:00+00:00,,,51.528000,0.005042,Male,18-24,Other ethnic group - Not stated,Black,Police and Criminal Evidence Act 1984 (section 1),,A no further action disposal,True,False
Person search,2019-06-10T10:30:00+00:00,,,51.532500,-0.126010,Male,over 34,White - English/Welsh/Scottish/Northern Irish/British,White,Police and Criminal Evidence Act 1984 (section 1),Stolen goods,A no further action disposal,True,False
Person search,2019-06-10T11:17:00+00:00,,,51.541264,-0.003338,Male,18-24,Black/African/Caribbean/Black British - African,Black,Misuse of Drugs Act 1971 (section 23),Controlled drugs,Khat or Cannabis warning,True,False
Person search,2019-06-10T12:33:00+00:00,,,51.537400,0.691341,Male,25-34,Mixed/Multiple ethnic groups - White and Black Caribbean,Black,Police and Criminal Evidence Act 1984 (section 1),Anything to threaten or harm anyone,A no further action disposal,True,False
Person search,2019-06-10T14:25:00+00:00,,,50.264116,-5.062851,,25-34,White - English/Welsh/Scottish/Northern Irish/British,White,Police and Criminal Evidence Act 1984 (section 1),Stolen goods,Summons / charged by post,True,False
Person search,2019-06-10T15:15:00+00:00,,,52.477800,-1.898950,Male,18-24,White - English/Welsh/Scottish/Northern Irish/British,White,Police and Criminal Evidence Act 1984 (section 1),Stolen goods,A no further action disposal,True,False
Person search,2019-06-10T20:08:00+00:00,,,,,Male,18-24,White - English/Welsh/Scottish/Northern Irish/British,White,Misuse of Drugs Act 1971 (section 23),Controlled drugs,A no further action disposal,True,False
Person search,2019-06-10T22:35:00+00:00,,,51.531800,-0.123189,Male,25-34,Black/African/Caribbean/Black British - Caribbean,Black,Police and Criminal Evidence Act 1984 (section 1),Anything to threaten or harm anyone,A no further action disposal,True,False
Person search,2019-06-11T08:20:00+00:00,,,51.538397,0.101517,Male,18-24,Black/African/Caribbean/Black British - Any other Black/African/Caribbean background,Black,Misuse of Drugs Act 1971 (section 23),Controlled drugs,A no further action disposal,True,False
Person search,2019-06-11T08:30:00+00:00,,,51.538397,0.101517,Male,18-24,White - English/Welsh/Scottish/Northern Irish/British,White,Misuse of Drugs Act 1971 (section 23),Controlled drugs,Summons / charged by post,True,False
Person search,2019-06-11T14:50:00+00:00,,,51.472400,-0.123038,Male,10-17,Black/African/Caribbean/Black British - African,Black,Police and Criminal Evidence Act 1984 (section 1),Offensive weapons,A no further action disposal,True,False
Person search,2019-06-11T15:19:00+00:00,,,51.472400,-0.123038,Male,10-17,Black/African/Caribbean/Black British - African,Black,Police and Criminal Evidence Act 1984 (section 1),Anything to threaten or harm anyone,A no further action disposal,True,False
Person search,2019-06-11T16:20:00+00:00,,,51.537777,-0.000376,Male,over 34,White - Any other White background,White,Police and Criminal Evidence Act 1984 (section 1),Anything to threaten or harm anyone,A no further action disposal,True,False
Person search,2019-06-11T17:00:00+00:00,,,51.501400,-0.124915,Male,,White - Any other White background,White,Police and Criminal Evidence Act 1984 (section 1),Article for use in theft,A no further action disposal,True,False
Person search,2019-06-11T17:14:00+00:00,,,51.522700,-0.162946,Male,10-17,White - Any other White background,White,Misuse of Drugs Act 1971 (section 23),Controlled drugs,Summons / charged by post,True,False
Person search,2019-06-11T18:43:00+00:00,,,51.470000,-0.069528,Male,25-34,Other ethnic group - Not stated,Black,Misuse of Drugs Act 1971 (section 23),Controlled drugs,Arrest,True,False
Person search,2019-06-12T05:10:00+00:00,,,51.465210,-0.013121,Male,over 34,White - English/Welsh/Scottish/Northern Irish/British,White,Misuse of Drugs Act 1971 (section 23),Controlled drugs,Khat or Cannabis warning,True,False
Person search,2019-06-12T08:17:00+00:00,,,51.337600,-0.113977,Male,10-17,White - English/Welsh/Scottish/Northern Irish/British,White,Misuse of Drugs Act 1971 (section 23),Controlled drugs,A no further action disposal,True,False
Person search,2019-06-12T12:10:00+00:00,,,53.404400,-2.979630,Male,18-24,Mixed/Multiple ethnic groups - White and Asian,White,Misuse of Drugs Act 1971 (section 23),Controlled drugs,A no further action disposal,True,False
Person search,2019-06-12T14:10:00+00:00,,,51.503381,-0.112226,Female,over 34,Other ethnic group - Not stated,White,Police and Criminal Evidence Act 1984 (section 1),Stolen goods,Arrest,True,False
Person search,2019-06-12T14:30:00+00:00,,,52.631569,-1.124283,Male,18-24,White - English/Welsh/Scottish/Northern Irish/British,White,Misuse of Drugs Act 1971 (section 23),Controlled drugs,Arrest,True,False
Person search,2019-06-12T15:50:00+00:00,,,51.522700,-0.162946,Male,,,,Misuse of Drugs Act 1971 (section 23),Controlled drugs,A no further action disposal,True,False
Person search,2019-06-12T16:00:00+00:00,,,51.522700,-0.162946,Male,,,,Misuse of Drugs Act 1971 (section 23),Controlled drugs,A no further action disposal,True,False
Person search,2019-06-12T16:00:00+00:00,,,51.522700,-0.162946,Male,over 34,Other ethnic group - Not stated,White,Misuse of Drugs Act 1971 (section 23),Controlled drugs,A no further action disposal,True,False
Person search,2019-06-12T16:00:00+00:00,,,51.522700,-0.162946,Male,25-34,Other ethnic group - Not stated,White,Misuse of Drugs Act 1971 (section 23),Controlled drugs,A no further action disposal,True,False
Person search,2019-06-12T16:15:00+00:00,,,51.465800,-0.014286,Male,18-24,,Other,Misuse of Drugs Act 1971 (section 23),Controlled drugs,Khat or Cannabis warning,True,False
Person search,2019-06-12T16:20:00+00:00,,,51.465210,-0.013121,Male,18-24,Other ethnic group - Not stated,White,Misuse of Drugs Act 1971 (section 23),Controlled drugs,A no further action disposal,True,False
Person search,2019-06-12T16:40:00+00:00,,,51.465800,-0.014286,Male,18-24,,Black,Misuse of Drugs Act 1971 (section 23),Controlled drugs,A no further action disposal,True,False
Person search,2019-06-12T16:40:00+00:00,,,51.465210,-0.013121,Male,,Other ethnic group - Not stated,Black,Police and Criminal Evidence Act 1984 (section 1),Anything to threaten or harm anyone,A no further action disposal,True,False
Person search,2019-06-12T16:55:00+00:00,,,51.465210,-0.013121,Male,18-24,Other ethnic group - Not stated,Black,Misuse of Drugs Act 1971 (section 23),Controlled drugs,A no further action disposal,True,False
Person search,2019-06-12T17:00:00+00:00,,,51.465800,-0.014286,Male,18-24,Other ethnic group - Not stated,Asian,Misuse of Drugs Act 1971 (section 23),Controlled drugs,A no further action disposal,True,False
Person search,2019-06-12T17:24:00+00:00,,,51.465210,-0.013121,Male,18-24,White - Any other White background,White,Misuse of Drugs Act 1971 (section 23),Controlled drugs,A no further action disposal,True,False
Person search,2019-06-12T17:25:00+00:00,,,51.465210,-0.013121,Male,,Other ethnic group - Not stated,White,Misuse of Drugs Act 1971 (section 23),Controlled drugs,A no further action disposal,True,False
Person search,2019-06-12T17:35:00+00:00,,,51.465800,-0.014286,Male,25-34,White - Any other White background,White,Misuse of Drugs Act 1971 (section 23),Controlled drugs,Khat or Cannabis warning,True,False
Person search,2019-06-12T17:47:00+00:00,,,51.465800,-0.014286,Male,18-24,Black/African/Caribbean/Black British - African,Black,Misuse of Drugs Act 1971 (section 23),Controlled drugs,A no further action disposal,True,False
Person search,2019-06-12T18:45:00+00:00,,,51.465210,-0.013121,Male,18-24,White - English/Welsh/Scottish/Northern Irish/British,White,Misuse of Drugs Act 1971 (section 23),Controlled drugs,A no further action disposal,True,False
Person search,2019-06-12T19:38:00+00:00,,,51.465210,-0.013121,Male,18-24,Black/African/Caribbean/Black British - African,Black,Misuse of Drugs Act 1971 (section 23),Controlled drugs,A no further action disposal,True,False
Person search,2019-06-12T19:40:00+00:00,,,51.465210,-0.013121,Male,,Other ethnic group - Not stated,White,Misuse of Drugs Act 1971 (section 23),Controlled drugs,A no further action disposal,True,False
Person search,2019-06-13T10:40:00+00:00,,,51.496200,-0.143100,Male,over 34,,White,Police and Criminal Evidence Act 1984 (section 1),Stolen goods,A no further action disposal,True,False
Person search,2019-06-13T12:40:00+00:00,,,51.588000,-0.059934,Male,,Other ethnic group - Not stated,Black,Misuse of Drugs Act 1971 (section 23),Controlled drugs,A no further action disposal,True,False
Person search,2019-06-13T14:15:00+00:00,,,51.516300,-0.130977,Male,10-17,Other ethnic group - Not stated,White,Misuse of Drugs Act 1971 (section 23),Controlled drugs,Community resolution,True,False
Person search,2019-06-13T14:30:00+00:00,,,51.531800,-0.123189,Male,over 34,,,Misuse of Drugs Act 1971 (section 23),Controlled drugs,Khat or Cannabis warning,True,False
Person search,2019-06-13T15:30:00+00:00,,,51.516300,-0.130977,Male,,Other ethnic group - Not stated,Black,Police and Criminal Evidence Act 1984 (section 1),Anything to threaten or harm anyone,A no further action disposal,True,False
Person search,2019-06-13T15:55:00+00:00,,,51.393260,0.168716,Male,18-24,White - English/Welsh/Scottish/Northern Irish/British,White,Misuse of Drugs Act 1971 (section 23),Controlled drugs,A no further action disposal,True,False
Person search,2019-06-13T16:15:00+00:00,,,51.393260,0.168716,Male,over 34,White - English/Welsh/Scottish/Northern Irish/British,White,Police and Criminal Evidence Act 1984 (section 1),Anything to threaten or harm anyone,A no further action disposal,True,False
Person search,2019-06-13T16:50:00+00:00,,,51.541264,-0.003338,Male,18-24,,,Misuse of Drugs Act 1971 (section 23),Controlled drugs,A no further action disposal,False,False
Person search,2019-06-13T17:15:00+00:00,,,51.393260,0.168716,Male,25-34,White - English/Welsh/Scottish/Northern Irish/British,White,Misuse of Drugs Act 1971 (section 23),Controlled drugs,A no further action disposal,True,False
Person search,2019-06-13T17:21:00+00:00,,,51.393260,0.168716,Male,25-34,White - English/Welsh/Scottish/Northern Irish/British,White,Misuse of Drugs Act 1971 (section 23),Controlled drugs,A no further action disposal,True,False
Person search,2019-06-13T17:24:00+00:00,,,51.393260,0.168716,Male,18-24,White - English/Welsh/Scottish/Northern Irish/British,White,Misuse of Drugs Act 1971 (section 23),Controlled drugs,A no further action disposal,True,False
Person search,2019-06-13T17:30:00+00:00,,,51.516300,-0.130977,Female,over 34,,,Police and Criminal Evidence Act 1984 (section 1),Stolen goods,Arrest,True,False
Person search,2019-06-13T17:30:00+00:00,,,51.531800,-0.123189,Male,18-24,,,Police and Criminal Evidence Act 1984 (section 1),Offensive weapons,Arrest,False,False
Person search,2019-06-13T17:33:00+00:00,,,51.393260,0.168716,Male,over 34,White - English/Welsh/Scottish/Northern Irish/British,White,Misuse of Drugs Act 1971 (section 23),Controlled drugs,A no further action disposal,True,False
Person search,2019-06-13T17:36:00+00:00,,,51.393260,0.168716,,over 34,White - English/Welsh/Scottish/Northern Irish/British,White,Misuse of Drugs Act 1971 (section 23),Controlled drugs,A no further action disposal,True,False
Person search,2019-06-13T17:52:00+00:00,,,51.393260,0.168716,Male,18-24,Other ethnic group - Not stated,White,Misuse of Drugs Act 1971 (section 23),Controlled drugs,A no further action disposal,True,False
Person search,2019-06-13T18:28:00+00:00,,,51.393260,0.168716,Male,10-17,White - English/Welsh/Scottish/Northern Irish/British,White,Misuse of Drugs Act 1971 (section 23),Controlled drugs,Arrest,True,False
Person search,2019-06-13T19:54:00+00:00,,,51.496200,-0.143100,Male,18-24,Other ethnic group - Not stated,Asian,Police and Criminal Evidence Act 1984 (section 1),Anything to threaten or harm anyone,Arrest,True,False
Person search,2019-06-13T20:50:00+00:00,,,51.539500,0.080833,Male,18-24,Other ethnic group - Not stated,Black,Police and Criminal Evidence Act 1984 (section 1),Anything to threaten or harm anyone,A no further action disposal,True,False
Person search,2019-06-13T21:02:00+00:00,,,51.537777,-0.000376,,18-24,Black/African/Caribbean/Black British - African,Black,Police and Criminal Evidence Act 1984 (section 1),Offensive weapons,A no further action disposal,True,False
Person search,2019-06-14T07:00:00+00:00,,,51.518713,-0.176382,Male,18-24,Other ethnic group - Not stated,White,Police and Criminal Evidence Act 1984 (section 1),Stolen goods,A no further action disposal,True,False
Person search,2019-06-14T08:09:00+00:00,,,53.477512,-2.226586,Male,over 34,Other ethnic group - Not stated,White,Police and Criminal Evidence Act 1984 (section 1),Stolen goods,Arrest,True,False
Person search,2019-06-14T12:20:00+00:00,,,51.464500,-0.170493,Male,18-24,White - English/Welsh/Scottish/Northern Irish/British,White,Misuse of Drugs Act 1971 (section 23),Controlled drugs,A no further action disposal,True,False
Person search,2019-06-14T12:27:00+00:00,,,52.452166,-1.723494,Male,18-24,Asian/Asian British - Pakistani,Asian,Misuse of Drugs Act 1971 (section 23),Controlled drugs,A no further action disposal,True,False
Person search,2019-06-14T13:08:00+00:00,,,51.511300,-0.128262,Male,,White - Any other White background,Other,Police and Criminal Evidence Act 1984 (section 1),Stolen goods,A no further action disposal,True,False
Person search,2019-06-14T13:19:00+00:00,,,51.511300,-0.128262,Male,10-17,Other ethnic group - Not stated,Black,Police and Criminal Evidence Act 1984 (section 1),Evidence of offences under the Act,A no further action disposal,True,False
Person search,2019-06-14T15:25:00+00:00,,,51.464500,-0.170493,Male,18-24,Black/African/Caribbean/Black British - African,Black,Police and Criminal Evidence Act 1984 (section 1),Anything to threaten or harm anyone,A no further action disposal,True,False
Person search,2019-06-14T15:28:00+00:00,,,51.464500,-0.170493,,18-24,Black/African/Caribbean/Black British - Any other Black/African/Caribbean background,Black,Police and Criminal Evidence Act 1984 (section 1),Offensive weapons,A no further action disposal,True,False
Person search,2019-06-14T15:40:00+00:00,,,51.464500,-0.170493,Male,18-24,Other ethnic group - Not stated,White,Misuse of Drugs Act 1971 (section 23),Controlled drugs,Khat or Cannabis warning,True,False
Person search,2019-06-14T16:15:00+00:00,,,51.511300,-0.128262,Male,25-34,White - Any other White background,White,Police and Criminal Evidence Act 1984 (section 1),Anything to threaten or harm anyone,A no further action disposal,True,False
Person search,2019-06-14T16:18:00+00:00,,,53.744657,-0.346054,Male,over 34,White - English/Welsh/Scottish/Northern Irish/British,White,Police and Criminal Evidence Act 1984 (section 1),Anything to threaten or harm anyone,Summons / charged by post,True,False
Person search,2019-06-14T16:52:00+00:00,,,51.539500,0.080833,Male,25-34,White - Any other White background,White,Police and Criminal Evidence Act 1984 (section 1),Stolen goods,A no further action disposal,True,False
Person search,2019-06-14T17:25:00+00:00,,,51.539500,0.080833,Male,25-34,Other ethnic group - Not stated,Black,Misuse of Drugs Act 1971 (section 23),Controlled drugs,Summons / charged by post,True,False
Person search,2019-06-14T17:30:00+00:00,,,53.488565,-2.241717,Male,18-24,,White,Misuse of Drugs Act 1971 (section 23),Controlled drugs,Khat or Cannabis warning,True,False
Person search,2019-06-14T18:06:00+00:00,,,51.539500,0.080833,Female,10-17,Mixed/Multiple ethnic groups - White and Black Caribbean,White,Misuse of Drugs Act 1971 (section 23),Controlled drugs,A no further action disposal,True,False
Person search,2019-06-14T18:15:00+00:00,,,,,Male,25-34,White - Irish,White,Police and Criminal Evidence Act 1984 (section 1),Stolen goods,A no further action disposal,True,False
Person search,2019-06-14T18:42:00+00:00,,,51.541264,-0.003338,Male,10-17,White - Any other White background,White,Misuse of Drugs Act 1971 (section 23),Controlled drugs,A no further action disposal,True,False
Person search,2019-06-14T18:50:00+00:00,,,51.525800,-0.087601,Male,18-24,Black/African/Caribbean/Black British - African,Black,Misuse of Drugs Act 1971 (section 23),Controlled drugs,Summons / charged by post,True,False
Person search,2019-06-14T19:15:00+00:00,,,51.464500,-0.170493,Male,10-17,Mixed/Multiple ethnic groups - White and Black African,Black,Police and Criminal Evidence Act 1984 (section 1),Offensive weapons,A no further action disposal,True,False
Person search,2019-06-14T19:30:00+00:00,,,51.464500,-0.170493,Male,25-34,Other ethnic group - Not stated,White,Misuse of Drugs Act 1971 (section 23),Controlled drugs,A no further action disposal,True,False
Person search,2019-06-14T19:30:00+00:00,,,51.464500,-0.170493,Male,10-17,Mixed/Multiple ethnic groups - Any other Mixed/Multiple ethnic background,White,Misuse of Drugs Act 1971 (section 23),Controlled drugs,A no further action disposal,True,False
Person search,2019-06-14T19:40:00+00:00,,,52.508694,-2.010373,Male,over 34,Asian/Asian British - Pakistani,Asian,Police and Criminal Evidence Act 1984 (section 1),Anything to threaten or harm anyone,A no further action disposal,True,False
Person search,2019-06-14T19:51:00+00:00,,,51.464500,-0.170493,Male,over 34,Black/African/Caribbean/Black British - Caribbean,Black,Misuse of Drugs Act 1971 (section 23),Controlled drugs,A no further action disposal,True,False
Person search,2019-06-14T19:54:00+00:00,,,51.464500,-0.170493,Male,over 34,White - English/Welsh/Scottish/Northern Irish/British,White,Misuse of Drugs Act 1971 (section 23),Controlled drugs,A no further action disposal,True,False
Person search,2019-06-14T20:00:00+00:00,,,51.464500,-0.170493,Male,18-24,White - Any other White background,White,Misuse of Drugs Act 1971 (section 23),Controlled drugs,A no further action disposal,True,False
Person search,2019-06-14T20:00:00+00:00,,,51.464500,-0.170493,Male,25-34,White - Any other White background,White,Misuse of Drugs Act 1971 (section 23),Controlled drugs,A no further action disposal,True,False
Person search,2019-06-14T20:10:00+00:00,,,51.464500,-0.170493,Male,25-34,,,Misuse of Drugs Act 1971 (section 23),Controlled drugs,A no further action disposal,True,False
Person search,2019-06-14T22:25:00+00:00,,,51.470000,-0.069528,Male,25-34,Mixed/Multiple ethnic groups - Any other Mixed/Multiple ethnic background,Black,Police and Criminal Evidence Act 1984 (section 1),Anything to threaten or harm anyone,A no further action disposal,False,False
Person search,2019-06-14T23:25:00+00:00,,,50.729200,-3.543310,Male,18-24,Black/African/Caribbean/Black British - Caribbean,Black,Misuse of Drugs Act 1971 (section 23),Controlled drugs,Arrest,True,False
Person search,2019-06-14T23:40:00+00:00,,,51.374900,-0.092657,Male,18-24,,White,Misuse of Drugs Act 1971 (section 23),Controlled drugs,A no further action disposal,True,False
Person search,2019-06-14T23:50:00+00:00,,,51.374900,-0.092657,Male,18-24,,Black,Misuse of Drugs Act 1971 (section 23),Controlled drugs,A no further action disposal,True,False
Person search,2019-06-14T23:50:00+00:00,,,51.374900,-0.092657,Male,10-17,Mixed/Multiple ethnic groups - White and Black Caribbean,Black,Misuse of Drugs Act 1971 (section 23),Controlled drugs,A no further action disposal,True,False
Person search,2019-06-14T23:50:00+00:00,,,51.374900,-0.092657,Male,18-24,Other ethnic group - Not stated,,Misuse of Drugs Act 1971 (section 23),Controlled drugs,A no further action disposal,True,False
Person search,2019-06-15T00:52:00+00:00,,,51.582816,-0.019069,Male,over 34,Other ethnic group - Not stated,White,Police and Criminal Evidence Act 1984 (section 1),Stolen goods,A no further action disposal,True,False
Person search,2019-06-15T06:00:00+00:00,,,54.969158,-1.612462,Male,25-34,White - English/Welsh/Scottish/Northern Irish/British,White,Misuse of Drugs Act 1971 (section 23),Controlled drugs,A no further action disposal,True,False
Person search,2019-06-15T11:20:00+00:00,,,51.513000,-0.124251,Male,18-24,Asian/Asian British - Any other Asian background,Other,Police and Criminal Evidence Act 1984 (section 1),Article for use in theft,A no further action disposal,True,False
Person search,2019-06-15T11:33:00+00:00,,,53.477512,-2.226586,Male,over 34,Asian/Asian British - Indian,Asian,Misuse of Drugs Act 1971 (section 23),Controlled drugs,A no further action disposal,True,False
Person search,2019-06-15T12:12:00+00:00,,,52.504201,-1.870961,Male,over 34,White - English/Welsh/Scottish/Northern Irish/British,White,Police and Criminal Evidence Act 1984 (section 1),Stolen goods,A no further action disposal,True,False
Person search,2019-06-15T12:49:00+00:00,,,51.511300,-0.128262,,18-24,White - Any other White background,White,Police and Criminal Evidence Act 1984 (section 1),Stolen goods,Arrest,True,False
Person search,2019-06-15T13:23:00+00:00,,,51.485800,-0.606195,Male,18-24,White - English/Welsh/Scottish/Northern Irish/British,White,Misuse of Drugs Act 1971 (section 23),Controlled drugs,Arrest,True,False
Person search,2019-06-15T13:50:00+00:00,,,52.488400,-1.871480,Male,,Other ethnic group - Not stated,Asian,Misuse of Drugs Act 1971 (section 23),Controlled drugs,Khat or Cannabis warning,True,False
Person search,2019-06-15T13:55:00+00:00,,,51.518713,-0.176382,Female,25-34,Other ethnic group - Not stated,White,Police and Criminal Evidence Act 1984 (section 1),Stolen goods,Summons / charged by post,True,False
Person search,2019-06-15T14:20:00+00:00,,,51.568408,0.008443,Male,25-34,Other ethnic group - Not stated,Black,Misuse of Drugs Act 1971 (section 23),Controlled drugs,A no further action disposal,True,False
Person search,2019-06-15T15:55:00+00:00,,,51.539846,0.080929,Male,18-24,Mixed/Multiple ethnic groups - Any other Mixed/Multiple ethnic background,White,Misuse of Drugs Act 1971 (section 23),Controlled drugs,A no further action disposal,True,False
Person search,2019-06-15T17:10:00+00:00,,,51.528000,0.005042,Male,25-34,White - English/Welsh/Scottish/Northern Irish/British,White,Misuse of Drugs Act 1971 (section 23),Controlled drugs,Khat or Cannabis warning,True,False
Person search,2019-06-15T17:10:00+00:00,,,51.528000,0.005042,Male,25-34,White - English/Welsh/Scottish/Northern Irish/British,White,Misuse of Drugs Act 1971 (section 23),Controlled drugs,Khat or Cannabis warning,True,False
Person search,2019-06-15T17:35:00+00:00,,,51.513900,0.008154,Male,18-24,Other ethnic group - Not stated,Black,Misuse of Drugs Act 1971 (section 23),Controlled drugs,A no further action disposal,True,False
Person search,2019-06-15T18:30:00+00:00,,,51.525800,-0.087601,Female,18-24,Black/African/Caribbean/Black British - African,Black,Police and Criminal Evidence Act 1984 (section 1),Stolen goods,A no further action disposal,True,False
Person search,2019-06-15T20:55:00+00:00,,,51.518500,-0.722864,Male,10-17,Other ethnic group - Not stated,Black,Misuse of Drugs Act 1971 (section 23),Controlled drugs,A no further action disposal,True,False
Person search,2019-06-15T22:15:00+00:00,,,51.518713,-0.176382,Male,,Other ethnic group - Not stated,White,Police and Criminal Evidence Act 1984 (section 1),Stolen goods,Arrest,True,False
Person search,2019-06-16T13:10:00+00:00,,,51.531800,-0.123189,Male,over 34,White - English/Welsh/Scottish/Northern Irish/British,White,Police and Criminal Evidence Act 1984 (section 1),Stolen goods,A no further action disposal,True,False
Person search,2019-06-16T15:20:00+00:00,,,51.541264,-0.003338,,10-17,White - Any other White background,White,Criminal Justice and Public Order Act 1994 (section 60),Offensive weapons,A no further action disposal,True,False
Person search,2019-06-16T15:50:00+00:00,,,51.541264,-0.003338,Male,18-24,Other ethnic group - Not stated,Black,Criminal Justice and Public Order Act 1994 (section 60),Anything to threaten or harm anyone,A no further action disposal,True,False
Person search,2019-06-16T17:25:00+00:00,,,51.541264,-0.003338,Male,25-34,Black/African/Caribbean/Black British - African,Black,Criminal Justice and Public Order Act 1994 (section 60),Anything to threaten or harm anyone,A no further action disposal,True,False
Person search,2019-06-16T22:35:00+00:00,,,53.498700,-1.427450,Male,,White - English/Welsh/Scottish/Northern Irish/British,White,Police and Criminal Evidence Act 1984 (section 1),Anything to threaten or harm anyone,A no further action disposal,True,False
Person search,2019-06-17T11:45:00+00:00,,,51.541264,-0.003338,Male,18-24,Black/African/Caribbean/Black British - Any other Black/African/Caribbean background,Black,Criminal Justice and Public Order Act 1994 (section 60),Anything to threaten or harm anyone,A no further action disposal,True,False
Person search,2019-06-17T12:05:00+00:00,,,51.541264,-0.003338,Male,18-24,White - English/Welsh/Scottish/Northern Irish/British,White,Criminal Justice and Public Order Act 1994 (section 60),,A no further action disposal,True,False
Person search,2019-06-17T12:20:00+00:00,,,51.541264,-0.003338,Male,,Other ethnic group - Not stated,Black,Criminal Justice and Public Order Act 1994 (section 60),Anything to threaten or harm anyone,A no further action disposal,True,False
Person search,2019-06-17T12:47:00+00:00,,,,,Male,25-34,Other ethnic group - Not stated,Black,Police and Criminal Evidence Act 1984 (section 1),Anything to threaten or harm anyone,Arrest,True,False
Person search,2019-06-17T13:15:00+00:00,,,51.541264,-0.003338,Male,10-17,Black/African/Caribbean/Black British - Any other Black/African/Caribbean background,Black,Criminal Justice and Public Order Act 1994 (section 60),Anything to threaten or harm anyone,A no further action disposal,True,False
Person search,2019-06-17T13:18:00+00:00,,,51.528000,0.005042,Male,,Other ethnic group - Not stated,Black,Criminal Justice and Public Order Act 1994 (section 60),Offensive weapons,A no further action disposal,True,False
Person search,2019-06-17T13:20:00+00:00,,,51.541264,-0.003338,Male,,Other ethnic group - Not stated,Black,Criminal Justice and Public Order Act 1994 (section 60),Offensive weapons,A no further action disposal,True,False
Person search,2019-06-17T13:20:00+00:00,,,51.541264,-0.003338,Male,10-17,White - English/Welsh/Scottish/Northern Irish/British,White,Criminal Justice and Public Order Act 1994 (section 60),Anything to threaten or harm anyone,A no further action disposal,True,False
Person search,2019-06-17T13:30:00+00:00,,,51.528000,0.005042,Male,18-24,White - Any other White background,White,Misuse of Drugs Act 1971 (section 23),Controlled drugs,Khat or Cannabis warning,True,False
Person search,2019-06-17T16:15:00+00:00,,,51.494188,-0.170206,Male,18-24,White - Any other White background,White,Police and Criminal Evidence Act 1984 (section 1),Stolen goods,A no further action disposal,True,False
Person search,2019-06-18T08:10:00+00:00,,,,,,over 34,Black/African/Caribbean/Black British - Caribbean,Black,Misuse of Drugs Act 1971 (section 23),Controlled drugs,A no further action disposal,True,False
Person search,2019-06-18T09:50:00+00:00,,,51.126300,-0.018196,Male,18-24,White - English/Welsh/Scottish/Northern Irish/British,White,Misuse of Drugs Act 1971 (section 23),Controlled drugs,Khat or Cannabis warning,True,False
Person search,2019-06-18T15:30:00+00:00,,,51.532500,-0.126010,Female,10-17,Black/African/Caribbean/Black British - African,Black,Police and Criminal Evidence Act 1984 (section 1),Stolen goods,Summons / charged by post,True,False
Person search,2019-06-18T15:50:00+00:00,,,51.532500,-0.126010,Female,10-17,Mixed/Multiple ethnic groups - White and Black Caribbean,Black,Police and Criminal Evidence Act 1984 (section 1),Stolen goods,Summons / charged by post,True,False
Person search,2019-06-18T16:40:00+00:00,,,51.539500,0.080833,Male,10-17,,,Police and Criminal Evidence Act 1984 (section 1),Stolen goods,A no further action disposal,True,False
Person search,2019-06-18T17:25:00+00:00,,,51.539500,0.080833,Male,over 34,Asian/Asian British - Bangladeshi,Asian,Police and Criminal Evidence Act 1984 (section 1),Stolen goods,Arrest,True,False
Person search,2019-06-18T18:00:00+00:00,,,52.194800,0.136968,Male,10-17,Other ethnic group - Not stated,Black,Misuse of Drugs Act 1971 (section 23),Evidence of offences under the Act,A no further action disposal,True,False
Person search,2019-06-18T18:10:00+00:00,,,52.194800,0.136968,Male,18-24,Other ethnic group - Not stated,Black,Misuse of Drugs Act 1971 (section 23),Evidence of offences under the Act,A no further action disposal,True,False
Person search,2019-06-18T18:35:00+00:00,,,51.491056,0.121149,Male,over 34,White - English/Welsh/Scottish/Northern Irish/British,White,Misuse of Drugs Act 1971 (section 23),Controlled drugs,A no further action disposal,True,False
Person search,2019-06-18T20:00:00+00:00,,,51.511300,-0.056945,Male,25-34,White - Any other White background,White,Police and Criminal Evidence Act 1984 (section 1),Anything to threaten or harm anyone,Arrest,True,False
Person search,2019-06-18T20:30:00+00:00,,,51.537400,0.711761,Male,18-24,White - English/Welsh/Scottish/Northern Irish/British,White,Misuse of Drugs Act 1971 (section 23),Controlled drugs,Summons / charged by post,True,False
Person search,2019-06-18T20:30:00+00:00,,,51.537400,0.711761,Male,25-34,White - English/Welsh/Scottish/Northern Irish/British,White,Misuse of Drugs Act 1971 (section 23),Controlled drugs,Summons / charged by post,True,False
Person search,2019-06-19T06:40:00+00:00,,,51.882300,-0.413893,Male,over 34,Other ethnic group - Not stated,,Misuse of Drugs Act 1971 (section 23),Controlled drugs,A no further action disposal,True,False
Person search,2019-06-19T10:18:00+00:00,,,51.537400,0.711761,Female,25-34,White - English/Welsh/Scottish/Northern Irish/British,White,Misuse of Drugs Act 1971 (section 23),Controlled drugs,Khat or Cannabis warning,True,False
Person search,2019-06-19T11:20:00+00:00,,,51.628800,0.418410,,18-24,Other ethnic group - Not stated,White,Misuse of Drugs Act 1971 (section 23),Controlled drugs,A no further action disposal,True,False
Person search,2019-06-19T11:20:00+00:00,,,51.628800,0.418410,Male,25-34,Other ethnic group - Not stated,White,Misuse of Drugs Act 1971 (section 23),Controlled drugs,A no further action disposal,True,False
Person search,2019-06-19T13:50:00+00:00,,,51.528500,-0.133415,Male,18-24,White - English/Welsh/Scottish/Northern Irish/British,White,Police and Criminal Evidence Act 1984 (section 1),Stolen goods,A no further action disposal,True,False
Person search,2019-06-19T14:40:00+00:00,,,53.407900,-2.977600,Male,over 34,Other ethnic group - Not stated,White,Police and Criminal Evidence Act 1984 (section 1),Stolen goods,A no further action disposal,True,False
Person search,2019-06-19T15:00:00+00:00,,,52.631569,-1.124283,Male,over 34,White - English/Welsh/Scottish/Northern Irish/British,White,Police and Criminal Evidence Act 1984 (section 1),Anything to threaten or harm anyone,A no further action disposal,True,False
Person search,2019-06-19T16:00:00+00:00,,,51.556500,-0.005640,Male,18-24,Asian/Asian British - Any other Asian background,Asian,Police and Criminal Evidence Act 1984 (section 1),Offensive weapons,A no further action disposal,True,False
Person search,2019-06-19T19:50:00+00:00,,,51.544256,0.562795,Male,18-24,Other ethnic group - Not stated,Other,Misuse of Drugs Act 1971 (section 23),Controlled drugs,Summons / charged by post,True,False
Person search,2019-06-19T20:45:00+00:00,,,51.397500,-0.171090,Male,18-24,White - Any other White background,White,Misuse of Drugs Act 1971 (section 23),Controlled drugs,A no further action disposal,True,False
Person search,2019-06-19T21:00:00+00:00,,,53.544740,-2.633184,Male,25-34,,,Misuse of Drugs Act 1971 (section 23),Controlled drugs,Khat or Cannabis warning,True,False
Person search,2019-06-20T07:42:00+00:00,,,51.528500,-0.133415,Male,18-24,Black/African/Caribbean/Black British - African,Black,Police and Criminal Evidence Act 1984 (section 1),Stolen goods,A no further action disposal,True,False
Person search,2019-06-20T09:30:00+00:00,,,,,Male,25-34,White - English/Welsh/Scottish/Northern Irish/British,White,Police and Criminal Evidence Act 1984 (section 1),Stolen goods,A no further action disposal,True,False
Person search,2019-06-20T12:45:00+00:00,,,51.511300,-0.055945,Male,18-24,Other ethnic group - Not stated,Asian,Misuse of Drugs Act 1971 (section 23),Controlled drugs,A no further action disposal,True,False
Person search,2019-06-20T13:14:00+00:00,,,53.755800,-2.707290,Male,10-17,White - English/Welsh/Scottish/Northern Irish/British,White,Misuse of Drugs Act 1971 (section 23),Controlled drugs,Summons / charged by post,True,False
Person search,2019-06-20T14:05:00+00:00,,,53.477512,-2.226586,Male,10-17,White - English/Welsh/Scottish/Northern Irish/British,White,Misuse of Drugs Act 1971 (section 23),Controlled drugs,A no further action disposal,True,False
Person search,2019-06-20T14:21:00+00:00,,,51.579000,-0.336149,Male,10-17,Other ethnic group - Not stated,Other,Misuse of Drugs Act 1971 (section 23),Controlled drugs,A no further action disposal,True,False
Person search,2019-06-20T14:29:00+00:00,,,53.477512,-2.226586,Female,10-17,White - English/Welsh/Scottish/Northern Irish/British,White,Misuse of Drugs Act 1971 (section 23),Controlled drugs,A no further action disposal,False,False
Person search,2019-06-20T15:20:00+00:00,,,51.579000,-0.336149,Male,10-17,Black/African/Caribbean/Black British - Caribbean,Black,Police and Criminal Evidence Act 1984 (section 1),Crossbows,A no further action disposal,True,False
Person search,2019-06-20T16:53:00+00:00,,,51.541264,-0.003338,Male,25-34,White - English/Welsh/Scottish/Northern Irish/British,White,Police and Criminal Evidence Act 1984 (section 1),Stolen goods,A no further action disposal,True,False
Person search,2019-06-20T17:38:00+00:00,,,51.564697,-0.279191,Male,18-24,White - English/Welsh/Scottish/Northern Irish/British,White,Police and Criminal Evidence Act 1984 (section 1),Stolen goods,A no further action disposal,True,False
Person search,2019-06-20T18:16:00+00:00,,,51.867100,-0.187102,Male,18-24,Other ethnic group - Not stated,Black,Police and Criminal Evidence Act 1984 (section 1),Stolen goods,A no further action disposal,True,False
Person search,2019-06-21T07:00:00+00:00,,,51.559264,0.069960,Male,18-24,Other ethnic group - Not stated,Asian,Misuse of Drugs Act 1971 (section 23),Controlled drugs,A no further action disposal,True,False
Person search,2019-06-21T08:00:00+00:00,,,,,Male,over 34,Asian/Asian British - Pakistani,Asian,Police and Criminal Evidence Act 1984 (section 1),Stolen goods,Summons / charged by post,True,False
Person search,2019-06-21T08:45:00+00:00,,,51.485978,-0.123129,Male,,Black/African/Caribbean/Black British - Any other Black/African/Caribbean background,Black,Police and Criminal Evidence Act 1984 (section 1),Stolen goods,A no further action disposal,True,False
Person search,2019-06-21T08:50:00+00:00,,,51.485978,-0.123129,Male,over 34,Other ethnic group - Not stated,Black,Police and Criminal Evidence Act 1984 (section 1),Anything to threaten or harm anyone,A no further action disposal,True,False
Person search,2019-06-21T11:43:00+00:00,,,51.541264,-0.003338,Male,,Black/African/Caribbean/Black British - Caribbean,Black,Misuse of Drugs Act 1971 (section 23),Controlled drugs,Arrest,True,False
Person search,2019-06-21T12:59:00+00:00,,,54.969158,-1.612462,Male,over 34,White - English/Welsh/Scottish/Northern Irish/British,White,Misuse of Drugs Act 1971 (section 23),Controlled drugs,A no further action disposal,True,False
Person search,2019-06-21T14:15:00+00:00,,,53.477512,-2.226586,Male,10-17,,Black,Misuse of Drugs Act 1971 (section 23),Controlled drugs,A no further action disposal,True,False
Person search,2019-06-21T14:20:00+00:00,,,53.477512,-2.226586,Male,10-17,Other ethnic group - Not stated,White,Misuse of Drugs Act 1971 (section 23),Controlled drugs,A no further action disposal,False,False
Person search,2019-06-21T14:30:00+00:00,,,53.477512,-2.226586,Male,10-17,White - English/Welsh/Scottish/Northern Irish/British,White,Misuse of Drugs Act 1971 (section 23),Controlled drugs,A no further action disposal,True,False
Person search,2019-06-21T17:20:00+00:00,,,51.559264,0.069960,Male,,White - English/Welsh/Scottish/Northern Irish/British,White,Misuse of Drugs Act 1971 (section 23),Controlled drugs,A no further action disposal,True,False
Person search,2019-06-21T17:30:00+00:00,,,51.406300,-0.676133,Male,10-17,Other ethnic group - Not stated,White,Misuse of Drugs Act 1971 (section 23),Controlled drugs,A no further action disposal,True,False
Person search,2019-06-21T17:30:00+00:00,,,51.406300,-0.676133,Male,10-17,White - English/Welsh/Scottish/Northern Irish/British,White,Misuse of Drugs Act 1971 (section 23),Controlled drugs,A no further action disposal,True,False
Person search,2019-06-21T17:30:00+00:00,,,51.406300,-0.676133,,10-17,Black/African/Caribbean/Black British - African,Black,Misuse of Drugs Act 1971 (section 23),Controlled drugs,A no further action disposal,True,False
Person search,2019-06-21T17:39:00+00:00,,,51.574600,0.182422,Male,25-34,White - English/Welsh/Scottish/Northern Irish/British,White,Misuse of Drugs Act 1971 (section 23),Controlled drugs,A no further action disposal,True,False
Person search,2019-06-21T18:19:00+00:00,,,51.532500,-0.126010,,,Other ethnic group - Not stated,White,Police and Criminal Evidence Act 1984 (section 1),Stolen goods,A no further action disposal,True,False
Person search,2019-06-21T18:30:00+00:00,,,51.559264,0.069960,Male,over 34,White - English/Welsh/Scottish/Northern Irish/British,White,Misuse of Drugs Act 1971 (section 23),Controlled drugs,A no further action disposal,True,False
Person search,2019-06-21T18:35:00+00:00,,,51.559264,0.069960,Male,18-24,Other ethnic group - Not stated,White,Misuse of Drugs Act 1971 (section 23),Controlled drugs,A no further action disposal,True,False
Person search,2019-06-21T19:07:00+00:00,,,51.559264,0.069960,Male,25-34,White - English/Welsh/Scottish/Northern Irish/British,White,Misuse of Drugs Act 1971 (section 23),Controlled drugs,A no further action disposal,True,False
Person search,2019-06-21T19:45:00+00:00,,,51.544256,0.562795,Male,18-24,White - English/Welsh/Scottish/Northern Irish/British,White,Misuse of Drugs Act 1971 (section 23),Controlled drugs,Khat or Cannabis warning,True,False
Person search,2019-06-21T19:55:00+00:00,,,51.532500,-0.126010,Male,,White - Any other White background,White,Police and Criminal Evidence Act 1984 (section 1),Stolen goods,A no further action disposal,True,False
Person search,2019-06-21T21:30:00+00:00,,,51.625200,-3.941010,Male,10-17,,,Misuse of Drugs Act 1971 (section 23),Controlled drugs,A no further action disposal,True,False
Person search,2019-06-21T21:32:00+00:00,,,51.512100,-0.591544,Male,25-34,,,Misuse of Drugs Act 1971 (section 23),Controlled drugs,A no further action disposal,True,False
Person search,2019-06-21T21:48:00+00:00,,,51.541264,-0.003338,Male,10-17,White - English/Welsh/Scottish/Northern Irish/British,White,Misuse of Drugs Act 1971 (section 23),Controlled drugs,Arrest,True,False
Person search,2019-06-21T21:50:00+00:00,,,51.541264,-0.003338,Male,10-17,White - English/Welsh/Scottish/Northern Irish/British,White,Misuse of Drugs Act 1971 (section 23),Controlled drugs,Arrest,True,False
Person search,2019-06-22T03:50:00+00:00,,,51.516300,-0.130977,Male,25-34,Other ethnic group - Not stated,White,Misuse of Drugs Act 1971 (section 23),Controlled drugs,A no further action disposal,True,False
Person search,2019-06-22T03:58:00+00:00,,,51.516300,-0.130977,Male,25-34,Other ethnic group - Not stated,White,Misuse of Drugs Act 1971 (section 23),Controlled drugs,A no further action disposal,True,False
Person search,2019-06-22T08:50:00+00:00,,,51.528500,-0.133415,Male,18-24,Mixed/Multiple ethnic groups - White and Asian,Asian,Misuse of Drugs Act 1971 (section 23),Controlled drugs,Arrest,True,False
Person search,2019-06-22T09:47:00+00:00,,,51.539500,0.080833,Male,18-24,Other ethnic group - Not stated,White,Police and Criminal Evidence Act 1984 (section 1),,A no further action disposal,True,False
Person search,2019-06-22T09:50:00+00:00,,,51.539500,0.080833,Male,18-24,White - Any other White background,White,Misuse of Drugs Act 1971 (section 23),Controlled drugs,Khat or Cannabis warning,True,False
Person search,2019-06-22T12:20:00+00:00,,,,,Male,25-34,Other ethnic group - Not stated,White,Police and Criminal Evidence Act 1984 (section 1),Anything to threaten or harm anyone,Arrest,True,False
Person search,2019-06-22T12:30:00+00:00,,,51.537400,0.711761,,10-17,White - English/Welsh/Scottish/Northern Irish/British,White,Misuse of Drugs Act 1971 (section 23),Controlled drugs,A no further action disposal,True,False
Person search,2019-06-22T14:45:00+00:00,,,51.485900,0.287436,Male,10-17,Black/African/Caribbean/Black British - Caribbean,Black,Misuse of Drugs Act 1971 (section 23),Controlled drugs,Summons / charged by post,True,False
Person search,2019-06-22T15:20:00+00:00,,,51.485978,-0.123129,Male,25-34,White - Any other White background,White,Police and Criminal Evidence Act 1984 (section 1),Article for use in theft,A no further action disposal,True,False
Person search,2019-06-22T15:55:00+00:00,,,53.407900,-2.977600,Male,over 34,White - English/Welsh/Scottish/Northern Irish/British,White,Police and Criminal Evidence Act 1984 (section 1),Stolen goods,Arrest,True,False
Person search,2019-06-22T18:20:00+00:00,,,53.405208,-2.922909,Male,10-17,White - English/Welsh/Scottish/Northern Irish/British,White,Police and Criminal Evidence Act 1984 (section 1),Anything to threaten or harm anyone,A no further action disposal,True,False
Person search,2019-06-22T18:20:00+00:00,,,53.405208,-2.922909,Male,10-17,Other ethnic group - Not stated,White,Police and Criminal Evidence Act 1984 (section 1),Anything to threaten or harm anyone,A no further action disposal,True,False
Person search,2019-06-22T18:20:00+00:00,,,51.406300,-0.676133,,18-24,White - English/Welsh/Scottish/Northern Irish/British,White,Misuse of Drugs Act 1971 (section 23),Controlled drugs,A no further action disposal,True,False
Person search,2019-06-22T18:40:00+00:00,,,51.541264,-0.003338,Male,18-24,Black/African/Caribbean/Black British - Caribbean,Black,Police and Criminal Evidence Act 1984 (section 1),Offensive weapons,A no further action disposal,True,False
Person search,2019-06-22T18:58:00+00:00,,,51.541264,-0.003338,Male,10-17,Black/African/Caribbean/Black British - African,Black,Police and Criminal Evidence Act 1984 (section 1),Anything to threaten or harm anyone,A no further action disposal,True,False
Person search,2019-06-22T19:00:00+00:00,,,51.541264,-0.003338,Male,,Other ethnic group - Not stated,,Police and Criminal Evidence Act 1984 (section 1),,A no further action disposal,True,False
Person search,2019-06-22T19:55:00+00:00,,,50.831529,-0.140425,Male,18-24,White - English/Welsh/Scottish/Northern Irish/British,White,Police and Criminal Evidence Act 1984 (section 1),,A no further action disposal,True,False
Person search,2019-06-22T20:25:00+00:00,,,51.541264,-0.003338,Male,10-17,Black/African/Caribbean/Black British - Caribbean,Black,Police and Criminal Evidence Act 1984 (section 1),Offensive weapons,A no further action disposal,True,False
Person search,2019-06-22T20:38:00+00:00,,,51.541264,-0.003338,Male,10-17,Black/African/Caribbean/Black British - African,Black,Police and Criminal Evidence Act 1984 (section 1),Offensive weapons,A no further action disposal,True,False
Person search,2019-06-22T20:38:00+00:00,,,51.541264,-0.003338,Male,10-17,Black/African/Caribbean/Black British - African,Black,Police and Criminal Evidence Act 1984 (section 1),Offensive weapons,A no further action disposal,True,False
Person search,2019-06-22T20:45:00+00:00,,,51.541264,-0.003338,Male,10-17,Black/African/Caribbean/Black British - African,Black,Police and Criminal Evidence Act 1984 (section 1),Controlled drugs,A no further action disposal,True,False
Person search,2019-06-23T00:57:00+00:00,,,51.485978,-0.123129,Male,25-34,Other ethnic group - Not stated,Black,Police and Criminal Evidence Act 1984 (section 1),Offensive weapons,A no further action disposal,False,False
Person search,2019-06-23T04:20:00+00:00,,,51.616400,-0.133527,Male,18-24,White - Any other White background,White,Police and Criminal Evidence Act 1984 (section 1),Stolen goods,Arrest,True,False
Person search,2019-06-24T11:02:00+00:00,,,51.517600,-0.288994,Male,25-34,Black/African/Caribbean/Black British - Caribbean,Black,Misuse of Drugs Act 1971 (section 23),Controlled drugs,A no further action disposal,True,False
Person search,2019-06-24T13:30:00+00:00,,,51.487500,-0.054429,Male,18-24,Black/African/Caribbean/Black British - African,Black,Misuse of Drugs Act 1971 (section 23),Controlled drugs,Khat or Cannabis warning,True,False
Person search,2019-06-24T14:30:00+00:00,,,51.461937,-0.362392,Male,18-24,White - English/Welsh/Scottish/Northern Irish/British,White,Misuse of Drugs Act 1971 (section 23),Controlled drugs,A no further action disposal,True,False
Person search,2019-06-24T16:10:00+00:00,,,51.541264,-0.003338,Male,18-24,Black/African/Caribbean/Black British - African,Black,Police and Criminal Evidence Act 1984 (section 1),Offensive weapons,Arrest,True,False
Person search,2019-06-24T20:00:00+00:00,,,52.631569,-1.124283,Male,over 34,Black/African/Caribbean/Black British - Caribbean,Black,Misuse of Drugs Act 1971 (section 23),Controlled drugs,Khat or Cannabis warning,True,False
Person search,2019-06-24T20:00:00+00:00,,,,,Male,,Other ethnic group - Not stated,Black,Misuse of Drugs Act 1971 (section 23),Controlled drugs,A no further action disposal,True,False
Person search,2019-06-25T12:28:00+00:00,,,51.318600,-0.557111,Male,25-34,White - English/Welsh/Scottish/Northern Irish/British,White,Police and Criminal Evidence Act 1984 (section 1),Evidence of offences under the Act,A no further action disposal,True,False
Person search,2019-06-25T15:00:00+00:00,,,51.547145,-0.055291,Male,25-34,White - English/Welsh/Scottish/Northern Irish/British,White,Police and Criminal Evidence Act 1984 (section 1),Stolen goods,A no further action disposal,True,False
Person search,2019-06-25T15:45:00+00:00,,,51.547145,-0.055291,Male,25-34,Other ethnic group - Not stated,Black,Misuse of Drugs Act 1971 (section 23),Controlled drugs,A no further action disposal,True,False
Person search,2019-06-25T16:45:00+00:00,,,51.518713,-0.176382,Male,18-24,Other ethnic group - Not stated,Black,Police and Criminal Evidence Act 1984 (section 1),Anything to threaten or harm anyone,A no further action disposal,True,False
Person search,2019-06-25T16:50:00+00:00,,,51.547145,-0.055291,Male,18-24,Black/African/Caribbean/Black British - Any other Black/African/Caribbean background,Black,Police and Criminal Evidence Act 1984 (section 1),Anything to threaten or harm anyone,A no further action disposal,True,False
Person search,2019-06-25T16:55:00+00:00,,,51.547145,-0.055291,Male,18-24,White - Any other White background,White,Misuse of Drugs Act 1971 (section 23),Controlled drugs,Khat or Cannabis warning,True,False
Person search,2019-06-25T16:55:00+00:00,,,51.547145,-0.055291,Male,18-24,White - English/Welsh/Scottish/Northern Irish/British,Black,Misuse of Drugs Act 1971 (section 23),Controlled drugs,A no further action disposal,True,False
Person search,2019-06-25T16:56:00+00:00,,,51.548800,-0.060787,Male,,Other ethnic group - Not stated,,Misuse of Drugs Act 1971 (section 23),Controlled drugs,A no further action disposal,True,False
Person search,2019-06-25T17:15:00+00:00,,,51.547145,-0.055291,Male,25-34,Other ethnic group - Not stated,Black,Police and Criminal Evidence Act 1984 (section 1),Anything to threaten or harm anyone,A no further action disposal,True,False
Person search,2019-06-25T17:15:00+00:00,,,53.407900,-2.977600,Male,25-34,White - English/Welsh/Scottish/Northern Irish/British,White,Misuse of Drugs Act 1971 (section 23),Controlled drugs,Summons / charged by post,True,False
Person search,2019-06-25T17:45:00+00:00,,,51.547145,-0.055291,Male,18-24,Black/African/Caribbean/Black British - Caribbean,Black,Police and Criminal Evidence Act 1984 (section 1),Anything to threaten or harm anyone,A no further action disposal,True,False
Person search,2019-06-25T18:30:00+00:00,,,53.488565,-2.241717,Male,18-24,White - English/Welsh/Scottish/Northern Irish/British,White,Misuse of Drugs Act 1971 (section 23),Controlled drugs,A no further action disposal,True,False
Person search,2019-06-25T21:50:00+00:00,,,54.969158,-1.612462,Female,over 34,White - English/Welsh/Scottish/Northern Irish/British,White,Misuse of Drugs Act 1971 (section 23),Controlled drugs,A no further action disposal,True,False
Person search,2019-06-25T21:55:00+00:00,,,54.969158,-1.612462,,18-24,White - English/Welsh/Scottish/Northern Irish/British,White,Misuse of Drugs Act 1971 (section 23),Controlled drugs,A no further action disposal,True,False
Person search,2019-06-26T06:37:00+00:00,,,52.477800,-1.898950,Male,25-34,White - Any other White background,White,Police and Criminal Evidence Act 1984 (section 1),Anything to threaten or harm anyone,A no further action disposal,True,False
Person search,2019-06-26T06:53:00+00:00,,,51.465800,-0.014286,Male,10-17,White - English/Welsh/Scottish/Northern Irish/British,White,Police and Criminal Evidence Act 1984 (section 1),Anything to threaten or harm anyone,A no further action disposal,True,False
Person search,2019-06-26T07:30:00+00:00,,,51.528500,-0.133415,Other,over 34,White - English/Welsh/Scottish/Northern Irish/British,White,Firearms Act 1968 (section 47),Firearms,Arrest,True,False
Person search,2019-06-26T09:15:00+00:00,,,51.496200,-0.143100,Male,over 34,Other ethnic group - Not stated,White,Police and Criminal Evidence Act 1984 (section 1),Stolen goods,Arrest,True,False
Person search,2019-06-26T13:05:00+00:00,,,51.583400,-0.072700,Male,18-24,Other ethnic group - Not stated,Asian,Misuse of Drugs Act 1971 (section 23),Controlled drugs,Summons / charged by post,True,False
Person search,2019-06-26T15:57:00+00:00,,,51.465210,-0.013121,Male,10-17,Black/African/Caribbean/Black British - African,Black,Police and Criminal Evidence Act 1984 (section 1),Offensive weapons,A no further action disposal,True,False
Person search,2019-06-26T16:16:00+00:00,,,51.465800,-0.014286,Male,10-17,Black/African/Caribbean/Black British - Caribbean,Black,Police and Criminal Evidence Act 1984 (section 1),Offensive weapons,A no further action disposal,True,False
Person search,2019-06-26T17:10:00+00:00,,,51.034356,-2.272939,Female,10-17,White - English/Welsh/Scottish/Northern Irish/British,White,Misuse of Drugs Act 1971 (section 23),Controlled drugs,A no further action disposal,True,False
Person search,2019-06-26T17:20:00+00:00,,,51.386700,0.550495,Male,10-17,Black/African/Caribbean/Black British - Caribbean,Black,Misuse of Drugs Act 1971 (section 23),Controlled drugs,A no further action disposal,True,False
Person search,2019-06-26T17:25:00+00:00,,,51.386700,0.550495,Male,18-24,Mixed/Multiple ethnic groups - White and Black Caribbean,Black,Misuse of Drugs Act 1971 (section 23),Controlled drugs,A no further action disposal,True,False
Person search,2019-06-26T19:50:00+00:00,,,51.389735,0.510856,Male,18-24,Other ethnic group - Not stated,White,Misuse of Drugs Act 1971 (section 23),Controlled drugs,A no further action disposal,False,False
Person search,2019-06-26T20:33:00+00:00,,,53.477512,-2.226586,Male,18-24,White - English/Welsh/Scottish/Northern Irish/British,White,Misuse of Drugs Act 1971 (section 23),Controlled drugs,A no further action disposal,True,False
Person search,2019-06-26T20:35:00+00:00,,,51.537400,0.711761,Male,25-34,White - English/Welsh/Scottish/Northern Irish/British,White,Misuse of Drugs Act 1971 (section 23),Controlled drugs,A no further action disposal,True,False
Person search,2019-06-26T21:25:00+00:00,,,51.496200,-0.143100,,10-17,Black/African/Caribbean/Black British - Caribbean,Black,Misuse of Drugs Act 1971 (section 23),Controlled drugs,A no further action disposal,True,False
Person search,2019-06-26T21:30:00+00:00,,,51.541264,-0.003338,Male,18-24,Other ethnic group - Not stated,Black,Police and Criminal Evidence Act 1984 (section 1),Offensive weapons,A no further action disposal,True,False
Person search,2019-06-26T21:38:00+00:00,,,51.541264,-0.003338,Male,,Other ethnic group - Not stated,Black,Police and Criminal Evidence Act 1984 (section 1),Offensive weapons,A no further action disposal,True,False
Person search,2019-06-26T21:46:00+00:00,,,51.541264,-0.003338,Male,,Black/African/Caribbean/Black British - Caribbean,Black,Police and Criminal Evidence Act 1984 (section 1),Anything to threaten or harm anyone,A no further action disposal,True,False
Person search,2019-06-27T12:30:00+00:00,,,51.531800,-0.123189,Male,18-24,Black/African/Caribbean/Black British - Caribbean,Black,Police and Criminal Evidence Act 1984 (section 1),Anything to threaten or harm anyone,A no further action disposal,True,False
Person search,2019-06-27T13:20:00+00:00,,,51.099800,-2.522760,Male,18-24,Asian/Asian British - Pakistani,Asian,Misuse of Drugs Act 1971 (section 23),Controlled drugs,A no further action disposal,True,False
Person search,2019-06-27T13:20:00+00:00,,,51.099800,-2.522760,Male,18-24,Asian/Asian British - Pakistani,Asian,Misuse of Drugs Act 1971 (section 23),Controlled drugs,A no further action disposal,True,False
Person search,2019-06-27T15:11:00+00:00,,,51.547145,-0.055291,Male,,Other ethnic group - Not stated,White,Criminal Justice and Public Order Act 1994 (section 60),Anything to threaten or harm anyone,A no further action disposal,True,False
Person search,2019-06-27T15:11:00+00:00,,,51.548800,-0.060787,Male,,Other ethnic group - Not stated,White,Criminal Justice and Public Order Act 1994 (section 60),Anything to threaten or harm anyone,A no further action disposal,True,False
Person search,2019-06-27T15:18:00+00:00,,,51.548800,-0.060787,Male,,Other ethnic group - Not stated,White,Criminal Justice and Public Order Act 1994 (section 60),Anything to threaten or harm anyone,A no further action disposal,True,False
Person search,2019-06-27T15:59:00+00:00,,,51.518800,-0.081475,Male,over 34,Other ethnic group - Not stated,Asian,Misuse of Drugs Act 1971 (section 23),Controlled drugs,A no further action disposal,True,False
Person search,2019-06-27T16:20:00+00:00,,,51.548200,-0.075957,Male,18-24,Asian/Asian British - Pakistani,Asian,Criminal Justice and Public Order Act 1994 (section 60),Offensive weapons,A no further action disposal,True,False
Person search,2019-06-27T17:49:00+00:00,,,51.547100,-0.042413,Male,10-17,Black/African/Caribbean/Black British - African,Black,Criminal Justice and Public Order Act 1994 (section 60),Anything to threaten or harm anyone,A no further action disposal,True,False
Person search,2019-06-27T17:52:00+00:00,,,51.547100,-0.042413,Male,10-17,Other ethnic group - Any other ethnic group,Other,Criminal Justice and Public Order Act 1994 (section 60),Anything to threaten or harm anyone,A no further action disposal,True,False
Person search,2019-06-27T18:05:00+00:00,,,51.511300,-0.128262,Male,18-24,White - Any other White background,White,Criminal Justice and Public Order Act 1994 (section 60),Offensive weapons,A no further action disposal,True,False
Person search,2019-06-28T07:30:00+00:00,,,51.541264,-0.003338,Male,over 34,,,Misuse of Drugs Act 1971 (section 23),Controlled drugs,Khat or Cannabis warning,True,False
Person search,2019-06-28T09:15:00+00:00,,,51.506800,-0.142503,Male,25-34,,,Police and Criminal Evidence Act 1984 (section 1),Stolen goods,A no further action disposal,True,False
Person search,2019-06-28T10:32:00+00:00,,,51.099800,-2.522760,Female,25-34,White - English/Welsh/Scottish/Northern Irish/British,White,Police and Criminal Evidence Act 1984 (section 1),Stolen goods,A no further action disposal,True,False
Person search,2019-06-28T15:00:00+00:00,,,51.521900,-0.046500,,over 34,White - English/Welsh/Scottish/Northern Irish/British,White,Misuse of Drugs Act 1971 (section 23),Controlled drugs,A no further action disposal,True,False
Person search,2019-06-28T15:30:00+00:00,,,51.374900,-0.092657,Male,18-24,Black/African/Caribbean/Black British - African,Black,Misuse of Drugs Act 1971 (section 23),Controlled drugs,Summons / charged by post,True,False
Person search,2019-06-28T15:58:00+00:00,,,51.556500,-0.005640,Male,18-24,Black/African/Caribbean/Black British - Caribbean,Black,Misuse of Drugs Act 1971 (section 23),Controlled drugs,A no further action disposal,True,False
Person search,2019-06-28T16:08:00+00:00,,,51.378800,-0.102296,,10-17,Black/African/Caribbean/Black British - Caribbean,Black,Misuse of Drugs Act 1971 (section 23),Controlled drugs,A no further action disposal,True,False
Person search,2019-06-28T16:15:00+00:00,,,51.531800,-0.123189,,25-34,White - English/Welsh/Scottish/Northern Irish/British,White,Misuse of Drugs Act 1971 (section 23),Controlled drugs,A no further action disposal,True,False
Person search,2019-06-28T17:40:00+00:00,,,52.025800,-0.266355,Male,25-34,White - English/Welsh/Scottish/Northern Irish/British,White,Misuse of Drugs Act 1971 (section 23),Controlled drugs,A no further action disposal,True,False
Person search,2019-06-28T17:53:00+00:00,,,52.025800,-0.266355,Male,18-24,White - English/Welsh/Scottish/Northern Irish/British,White,Misuse of Drugs Act 1971 (section 23),Controlled drugs,A no further action disposal,True,False
Person search,2019-06-28T18:18:00+00:00,,,51.378800,-0.102296,Male,18-24,Other ethnic group - Not stated,Black,Misuse of Drugs Act 1971 (section 23),Controlled drugs,Arrest,True,False
Person search,2019-06-28T18:18:00+00:00,,,51.378800,-0.102296,Male,18-24,Mixed/Multiple ethnic groups - White and Black African,Black,Misuse of Drugs Act 1971 (section 23),Controlled drugs,A no further action disposal,True,False
Person search,2019-06-28T19:32:00+00:00,,,51.532500,-0.126010,Male,over 34,White - English/Welsh/Scottish/Northern Irish/British,White,Misuse of Drugs Act 1971 (section 23),Controlled drugs,A no further action disposal,True,False
Person search,2019-06-28T19:33:00+00:00,,,51.378800,-0.102296,Male,18-24,Black/African/Caribbean/Black British - African,Black,Misuse of Drugs Act 1971 (section 23),Controlled drugs,A no further action disposal,True,False
Person search,2019-06-28T20:00:00+00:00,,,53.477512,-2.226586,Male,over 34,,White,Police and Criminal Evidence Act 1984 (section 1),Goods on which duty has not been paid etc.,A no further action disposal,True,False
Person search,2019-06-28T21:30:00+00:00,,,53.795861,-1.543772,Male,18-24,Other ethnic group - Not stated,White,Misuse of Drugs Act 1971 (section 23),Controlled drugs,Arrest,True,False
Person search,2019-06-28T21:31:00+00:00,,,53.795861,-1.543772,Male,over 34,White - English/Welsh/Scottish/Northern Irish/British,White,Police and Criminal Evidence Act 1984 (section 1),Stolen goods,Summons / charged by post,True,False
Person search,2019-06-28T21:45:00+00:00,,,51.503381,-0.112226,Male,10-17,White - English/Welsh/Scottish/Northern Irish/British,White,Misuse of Drugs Act 1971 (section 23),Controlled drugs,A no further action disposal,True,False
Person search,2019-06-28T23:45:00+00:00,,,51.532500,-0.126010,Male,over 34,White - English/Welsh/Scottish/Northern Irish/British,White,Misuse of Drugs Act 1971 (section 23),Controlled drugs,A no further action disposal,True,False
Person search,2019-06-29T01:40:00+00:00,,,51.532500,-0.126010,Male,10-17,Black/African/Caribbean/Black British - African,Black,Police and Criminal Evidence Act 1984 (section 1),Evidence of offences under the Act,A no further action disposal,True,False
Person search,2019-06-29T07:30:00+00:00,,,51.374900,-0.092657,Male,10-17,Other ethnic group - Not stated,White,Misuse of Drugs Act 1971 (section 23),Controlled drugs,A no further action disposal,True,False
Person search,2019-06-29T16:15:00+00:00,,,50.729200,-3.543310,Female,over 34,White - English/Welsh/Scottish/Northern Irish/British,White,Police and Criminal Evidence Act 1984 (section 1),Stolen goods,A no further action disposal,True,False
Person search,2019-06-29T19:06:00+00:00,,,53.562000,-0.029293,Male,18-24,White - English/Welsh/Scottish/Northern Irish/British,White,Misuse of Drugs Act 1971 (section 23),Controlled drugs,A no further action disposal,True,False
Person search,2019-06-29T19:10:00+00:00,,,51.504700,-0.218692,Male,18-24,Black/African/Caribbean/Black British - Caribbean,Black,Misuse of Drugs Act 1971 (section 23),Controlled drugs,Khat or Cannabis warning,True,False
Person search,2019-06-29T19:41:00+00:00,,,52.947319,-1.142698,Male,,Black/African/Caribbean/Black British - African,Black,Misuse of Drugs Act 1971 (section 23),Controlled drugs,A no further action disposal,True,False
Person search,2019-06-29T19:45:00+00:00,,,53.404400,-2.979630,Male,18-24,White - English/Welsh/Scottish/Northern Irish/British,White,Police and Criminal Evidence Act 1984 (section 1),Offensive weapons,A no further action disposal,True,False
Person search,2019-06-30T10:05:00+00:00,,,52.479000,-1.892290,Male,over 34,Black/African/Caribbean/Black British - Caribbean,Black,Police and Criminal Evidence Act 1984 (section 1),Offensive weapons,Arrest,True,False
Person search,2019-06-30T10:25:00+00:00,,,51.541264,-0.003338,Male,18-24,Black/African/Caribbean/Black British - African,Black,Police and Criminal Evidence Act 1984 (section 1),Offensive weapons,A no further action disposal,True,False
Person search,2019-06-30T14:05:00+00:00,,,51.464500,-0.170493,Male,over 34,White - English/Welsh/Scottish/Northern Irish/British,White,Police and Criminal Evidence Act 1984 (section 1),Article for use in theft,A no further action disposal,True,False
Person search,2019-06-30T15:31:00+00:00,,,51.547145,-0.055291,Male,18-24,Black/African/Caribbean/Black British - African,Black,Misuse of Drugs Act 1971 (section 23),Controlled drugs,A no further action disposal,True,False
Person search,2019-06-30T15:35:00+00:00,,,51.547145,-0.055291,Male,over 34,White - Irish,White,Criminal Justice and Public Order Act 1994 (section 60),Anything to threaten or harm anyone,A no further action disposal,True,False
Person search,2019-06-30T22:20:00+00:00,,,54.333000,-1.441690,Female,18-24,White - English/Welsh/Scottish/Northern Irish/British,White,Police and Criminal Evidence Act 1984 (section 1),Anything to threaten or harm anyone,Arrest,True,False
