Type,Date,Part of a policing operation,Policing operation,Latitude,Longitude,Gender,Age range,Self-defined ethnicity,Officer-defined ethnicity,Legislation,Object of search,Outcome,Outcome linked to object of search,Removal of more than just outer clothing
Person and Vehicle search,2020-11-01T09:42:19+00:00,,,51.515606,-0.094094,Male,25-34,Asian/Asian British - Bangladeshi,Asian,Misuse of Drugs Act 1971 (section 23),Controlled drugs,A no further action disposal,False,False
Person search,2020-11-02T01:12:44+00:00,,,51.517149,-0.087760,Male,25-34,Other ethnic group - Not stated,Black,Police and Criminal Evidence Act 1984 (section 1),Article for use in theft,A no further action disposal,False,False
Person search,2020-11-02T04:24:37+00:00,,,51.516371,-0.088614,Male,over 34,White - Any other White background,White,Police and Criminal Evidence Act 1984 (section 1),Article for use in theft,A no further action disposal,False,False
Person search,2020-11-02T06:32:42+00:00,,,,,Female,18-24,Other ethnic group - Not stated,White,Misuse of Drugs Act 1971 (section 23),Evidence of offences under the Act,A no further action disposal,False,False
Person search,2020-11-02T09:31:06+00:00,,,51.514203,-0.094628,Male,25-34,Asian/Asian British - Any other Asian background,Asian,Police and Criminal Evidence Act 1984 (section 1),Article for use in theft,Arrest,True,False
Person search,2020-11-03T01:52:40+00:00,,,51.512526,-0.098777,Female,25-34,White - English/Welsh/Scottish/Northern Irish/British,White,Misuse of Drugs Act 1971 (section 23),Controlled drugs,A no further action disposal,False,False
Person search,2020-11-03T02:58:38+00:00,,,,,Male,25-34,White - English/Welsh/Scottish/Northern Irish/British,White,Misuse of Drugs Act 1971 (section 23),Controlled drugs,A no further action disposal,False,False
Person search,2020-11-03T03:47:45+00:00,,,51.511625,-0.081549,Male,over 34,Asian/Asian British - Bangladeshi,Asian,Police and Criminal Evidence Act 1984 (section 1),Article for use in theft,A no further action disposal,False,False
Person search,2020-11-03T03:57:09+00:00,,,51.509320,-0.084701,Male,18-24,Other ethnic group - Not stated,White,Misuse of Drugs Act 1971 (section 23),Controlled drugs,A no further action disposal,False,False
Person search,2020-11-03T04:14:48+00:00,,,51.509320,-0.084701,Male,18-24,Other ethnic group - Not stated,Black,Misuse of Drugs Act 1971 (section 23),Controlled drugs,Khat or Cannabis warning,True,False
Person search,2020-11-03T09:11:14+00:00,,,51.517431,-0.082458,Male,10-17,White - English/Welsh/Scottish/Northern Irish/British,White,Misuse of Drugs Act 1971 (section 23),Controlled drugs,A no further action disposal,False,False
Person search,2020-11-03T09:24:17+00:00,,,51.517431,-0.082458,Male,10-17,White - Irish,White,Misuse of Drugs Act 1971 (section 23),Controlled drugs,A no further action disposal,False,False
Person and Vehicle search,2020-11-03T10:01:12+00:00,,,51.513171,-0.077694,Male,18-24,White - Any other White background,White,Misuse of Drugs Act 1971 (section 23),Controlled drugs,Arrest,True,False
Person search,2020-11-04T03:18:07+00:00,,,51.513928,-0.108231,Male,over 34,Other ethnic group - Not stated,Black,Police and Criminal Evidence Act 1984 (section 1),Offensive weapons,A no further action disposal,False,False
Person search,2020-11-04T03:35:19+00:00,,,,,Male,10-17,White - Any other White background,White,Police and Criminal Evidence Act 1984 (section 1),Article for use in theft,Arrest,True,False
Person and Vehicle search,2020-11-04T05:10:42+00:00,,,51.519573,-0.109726,Male,25-34,Other ethnic group - Not stated,Black,Firearms Act 1968 (section 47),Firearms,A no further action disposal,False,False
Person search,2020-11-04T11:28:38+00:00,,,51.513920,-0.093257,Female,25-34,White - English/Welsh/Scottish/Northern Irish/British,Other,Police and Criminal Evidence Act 1984 (section 1),Stolen goods,Arrest,True,False
Person search,2020-11-05T02:06:35+00:00,,,51.518680,-0.085173,Male,25-34,Black/African/Caribbean/Black British - African,Black,Misuse of Drugs Act 1971 (section 23),Controlled drugs,Khat or Cannabis warning,True,False
Person search,2020-11-05T03:24:15+00:00,,,51.517678,-0.107672,Male,25-34,White - English/Welsh/Scottish/Northern Irish/British,White,Police and Criminal Evidence Act 1984 (section 1),Article for use in theft,Arrest,True,False
Person search,2020-11-05T04:02:59+00:00,,,51.510469,-0.044806,Male,25-34,White - English/Welsh/Scottish/Northern Irish/British,White,Police and Criminal Evidence Act 1984 (section 1),Article for use in theft,Arrest,False,False
Person search,2020-11-05T04:05:17+00:00,,,51.510469,-0.044806,Male,25-34,White - English/Welsh/Scottish/Northern Irish/British,White,Police and Criminal Evidence Act 1984 (section 1),Article for use in theft,Arrest,False,False
Person and Vehicle search,2020-11-05T05:51:13+00:00,,,51.516351,-0.082965,Male,25-34,White - English/Welsh/Scottish/Northern Irish/British,White,Misuse of Drugs Act 1971 (section 23),Controlled drugs,Arrest,True,False
Person search,2020-11-05T06:02:59+00:00,,,51.519901,-0.099436,Male,10-17,Other ethnic group - Not stated,White,Police and Criminal Evidence Act 1984 (section 1),Stolen goods,A no further action disposal,False,False
Person search,2020-11-05T06:15:49+00:00,,,51.519901,-0.099436,Male,10-17,White - English/Welsh/Scottish/Northern Irish/British,White,Police and Criminal Evidence Act 1984 (section 1),Article for use in theft,A no further action disposal,False,False
Person search,2020-11-05T09:58:29+00:00,,,,,Male,over 34,Black/African/Caribbean/Black British - African,Black,Police and Criminal Evidence Act 1984 (section 1),Article for use in theft,A no further action disposal,False,False
Person and Vehicle search,2020-11-05T10:17:59+00:00,,,51.517149,-0.087760,Male,18-24,Black/African/Caribbean/Black British - Caribbean,Black,Misuse of Drugs Act 1971 (section 23),Controlled drugs,Khat or Cannabis warning,True,False
Person search,2020-11-06T01:15:52+00:00,,,,,Male,over 34,Other ethnic group - Not stated,White,Police and Criminal Evidence Act 1984 (section 1),Stolen goods,A no further action disposal,False,False
Person and Vehicle search,2020-11-06T02:28:23+00:00,,,51.509848,-0.104494,Male,over 34,Other ethnic group - Not stated,White,Misuse of Drugs Act 1971 (section 23),Controlled drugs,A no further action disposal,False,False
Person search,2020-11-06T02:38:42+00:00,,,51.516347,-0.104887,Male,,White - English/Welsh/Scottish/Northern Irish/British,White,Misuse of Drugs Act 1971 (section 23),Controlled drugs,A no further action disposal,False,False
Person and Vehicle search,2020-11-06T02:52:02+00:00,,,51.515033,-0.078250,Male,,,,Misuse of Drugs Act 1971 (section 23),Controlled drugs,A no further action disposal,False,False
Person and Vehicle search,2020-11-06T04:34:22+00:00,,,51.510182,-0.092865,Male,25-34,White - English/Welsh/Scottish/Northern Irish/British,White,Misuse of Drugs Act 1971 (section 23),Controlled drugs,Khat or Cannabis warning,True,False
Person and Vehicle search,2020-11-06T06:10:57+00:00,,,51.514151,-0.074958,Male,25-34,Black/African/Caribbean/Black British - African,Black,Misuse of Drugs Act 1971 (section 23),Controlled drugs,A no further action disposal,False,False
Person and Vehicle search,2020-11-06T06:25:20+00:00,,,51.518864,-0.097562,Male,18-24,Other ethnic group - Not stated,Other,Misuse of Drugs Act 1971 (section 23),Controlled drugs,A no further action disposal,False,False
Person and Vehicle search,2020-11-06T06:30:44+00:00,,,51.518864,-0.097562,Male,18-24,Other ethnic group - Not stated,Other,Misuse of Drugs Act 1971 (section 23),Controlled drugs,A no further action disposal,False,False
Person and Vehicle search,2020-11-06T07:53:42+00:00,,,51.515033,-0.078250,Male,25-34,Asian/Asian British - Any other Asian background,Asian,Misuse of Drugs Act 1971 (section 23),Controlled drugs,A no further action disposal,False,False
Person search,2020-11-06T08:06:32+00:00,,,51.512598,-0.084967,Male,over 34,Black/African/Caribbean/Black British - African,Black,Police and Criminal Evidence Act 1984 (section 1),Article for use in theft,Arrest,True,False
Person search,2020-11-06T08:51:57+00:00,,,51.512650,-0.101452,Male,18-24,Asian/Asian British - Bangladeshi,Asian,Misuse of Drugs Act 1971 (section 23),Controlled drugs,A no further action disposal,False,False
Person and Vehicle search,2020-11-06T10:07:14+00:00,,,51.517680,-0.078484,Female,18-24,White - English/Welsh/Scottish/Northern Irish/British,White,Misuse of Drugs Act 1971 (section 23),Controlled drugs,Arrest,True,True
Person search,2020-11-06T10:36:27+00:00,,,51.512650,-0.101452,Male,10-17,Other ethnic group - Not stated,Asian,Misuse of Drugs Act 1971 (section 23),Controlled drugs,A no further action disposal,True,False
Person search,2020-11-06T10:39:26+00:00,,,51.516814,-0.081620,Male,10-17,White - English/Welsh/Scottish/Northern Irish/British,White,Police and Criminal Evidence Act 1984 (section 1),Stolen goods,A no further action disposal,True,False
Person search,2020-11-06T10:46:05+00:00,,,51.516814,-0.081620,Male,10-17,Other ethnic group - Not stated,White,Police and Criminal Evidence Act 1984 (section 1),Stolen goods,A no further action disposal,False,False
Person search,2020-11-06T11:14:11+00:00,,,51.516814,-0.081620,Male,10-17,White - English/Welsh/Scottish/Northern Irish/British,White,Police and Criminal Evidence Act 1984 (section 1),Stolen goods,A no further action disposal,False,False
Person and Vehicle search,2020-11-06T12:36:44+00:00,,,51.510182,-0.092865,Male,18-24,White - English/Welsh/Scottish/Northern Irish/British,White,Misuse of Drugs Act 1971 (section 23),Controlled drugs,Khat or Cannabis warning,True,False
Person search,2020-11-07T05:10:59+00:00,,,51.517244,-0.080376,Male,over 34,Other ethnic group - Not stated,Black,Police and Criminal Evidence Act 1984 (section 1),Article for use in theft,Arrest,True,False
Person and Vehicle search,2020-11-07T05:53:11+00:00,,,51.516057,-0.089218,Male,25-34,White - Any other White background,Other,Police and Criminal Evidence Act 1984 (section 1),Offensive weapons,A no further action disposal,False,False
Person search,2020-11-07T06:59:04+00:00,,,51.516814,-0.081620,Male,18-24,Black/African/Caribbean/Black British - African,Black,Police and Criminal Evidence Act 1984 (section 1),Article for use in theft,Arrest,True,False
Person search,2020-11-07T08:46:09+00:00,,,51.519812,-0.093933,Male,10-17,Other ethnic group - Not stated,White,Police and Criminal Evidence Act 1984 (section 1),Stolen goods,A no further action disposal,False,False
Person search,2020-11-07T10:14:00+00:00,,,,,Male,10-17,Black/African/Caribbean/Black British - African,Black,Police and Criminal Evidence Act 1984 (section 1),Article for use in theft,A no further action disposal,False,False
Person and Vehicle search,2020-11-07T12:08:46+00:00,,,,,Male,18-24,White - English/Welsh/Scottish/Northern Irish/British,White,Misuse of Drugs Act 1971 (section 23),Controlled drugs,Arrest,True,False
Person and Vehicle search,2020-11-08T01:21:53+00:00,,,51.506255,-0.074901,Male,25-34,Other ethnic group - Not stated,White,Misuse of Drugs Act 1971 (section 23),Controlled drugs,A no further action disposal,False,False
Person search,2020-11-08T01:32:59+00:00,,,,,Male,10-17,Other ethnic group - Not stated,Black,Police and Criminal Evidence Act 1984 (section 1),Stolen goods,A no further action disposal,False,False
Person and Vehicle search,2020-11-08T02:42:25+00:00,,,,,Male,over 34,Other ethnic group - Not stated,White,Misuse of Drugs Act 1971 (section 23),Controlled drugs,Arrest,True,False
Person search,2020-11-08T03:56:22+00:00,,,51.518433,-0.078856,Male,10-17,Black/African/Caribbean/Black British - African,Black,Police and Criminal Evidence Act 1984 (section 1),Article for use in theft,A no further action disposal,True,False
Person and Vehicle search,2020-11-08T06:30:35+00:00,,,51.514501,-0.089716,Male,25-34,White - Any other White background,White,Police and Criminal Evidence Act 1984 (section 1),Offensive weapons,A no further action disposal,False,False
Person search,2020-11-08T11:48:40+00:00,,,51.516814,-0.081620,Male,over 34,Other ethnic group - Not stated,White,Police and Criminal Evidence Act 1984 (section 1),Offensive weapons,A no further action disposal,False,False
Person search,2020-11-09T01:07:26+00:00,,,,,Male,25-34,White - English/Welsh/Scottish/Northern Irish/British,White,Misuse of Drugs Act 1971 (section 23),Controlled drugs,A no further action disposal,False,False
Person search,2020-11-09T01:15:22+00:00,,,,,Male,25-34,White - English/Welsh/Scottish/Northern Irish/British,White,Misuse of Drugs Act 1971 (section 23),Controlled drugs,A no further action disposal,False,False
Person and Vehicle search,2020-11-09T01:58:36+00:00,,,51.512650,-0.101452,Male,over 34,Black/African/Caribbean/Black British - African,Black,Misuse of Drugs Act 1971 (section 23),Controlled drugs,A no further action disposal,False,False
Person search,2020-11-09T03:41:12+00:00,,,51.516814,-0.081620,Male,25-34,Other ethnic group - Not stated,White,Police and Criminal Evidence Act 1984 (section 1),Stolen goods,A no further action disposal,False,False
Person search,2020-11-09T03:46:21+00:00,,,51.510182,-0.092865,Male,25-34,White - English/Welsh/Scottish/Northern Irish/British,White,Misuse of Drugs Act 1971 (section 23),Controlled drugs,Arrest,True,False
Person search,2020-11-09T06:33:24+00:00,,,,,Male,over 34,Other ethnic group - Not stated,Other,Police and Criminal Evidence Act 1984 (section 1),Article for use in theft,A no further action disposal,False,False
Person and Vehicle search,2020-11-09T07:47:04+00:00,,,,,Male,,,,Misuse of Drugs Act 1971 (section 23),Controlled drugs,Arrest,True,False
Person search,2020-11-09T08:43:24+00:00,,,51.517244,-0.080376,Male,25-34,Black/African/Caribbean/Black British - Any other Black/African/Caribbean background,Black,Police and Criminal Evidence Act 1984 (section 1),Stolen goods,Arrest,True,False
Person search,2020-11-09T08:50:50+00:00,,,51.518709,-0.101345,Male,10-17,White - English/Welsh/Scottish/Northern Irish/British,White,Police and Criminal Evidence Act 1984 (section 1),Article for use in theft,A no further action disposal,False,False
Person search,2020-11-09T11:08:59+00:00,,,51.516814,-0.081620,Male,25-34,Other ethnic group - Not stated,White,Misuse of Drugs Act 1971 (section 23),Crossbows,A no further action disposal,True,False
Person search,2020-11-10T05:06:03+00:00,,,51.517149,-0.087760,Male,25-34,Black/African/Caribbean/Black British - African,Black,Police and Criminal Evidence Act 1984 (section 1),Article for use in theft,A no further action disposal,False,False
Person search,2020-11-10T06:16:53+00:00,,,51.518029,-0.082722,Male,18-24,Other ethnic group - Not stated,Other,Police and Criminal Evidence Act 1984 (section 1),Stolen goods,A no further action disposal,False,False
Person and Vehicle search,2020-11-10T06:46:28+00:00,,,,,Male,over 34,Black/African/Caribbean/Black British - Caribbean,Black,Misuse of Drugs Act 1971 (section 23),Controlled drugs,A no further action disposal,False,False
Person and Vehicle search,2020-11-10T10:21:46+00:00,,,,,Male,18-24,Other ethnic group - Not stated,Black,Misuse of Drugs Act 1971 (section 23),Controlled drugs,A no further action disposal,True,False
Person search,2020-11-11T01:03:27+00:00,,,,,Male,25-34,Other ethnic group - Not stated,Black,Police and Criminal Evidence Act 1984 (section 1),Article for use in theft,A no further action disposal,False,False
Person search,2020-11-11T02:05:23+00:00,,,51.512598,-0.084967,Male,25-34,Black/African/Caribbean/Black British - African,Black,Police and Criminal Evidence Act 1984 (section 1),Article for use in theft,A no further action disposal,False,False
Person search,2020-11-11T02:44:33+00:00,,,51.516814,-0.081620,Male,over 34,White - English/Welsh/Scottish/Northern Irish/British,White,Police and Criminal Evidence Act 1984 (section 1),Stolen goods,A no further action disposal,False,False
Person search,2020-11-11T03:18:20+00:00,,,51.516814,-0.081620,Female,25-34,White - English/Welsh/Scottish/Northern Irish/British,White,Police and Criminal Evidence Act 1984 (section 1),Stolen goods,A no further action disposal,False,False
Person search,2020-11-11T04:43:51+00:00,,,51.516814,-0.081620,Male,over 34,Other ethnic group - Not stated,Black,Police and Criminal Evidence Act 1984 (section 1),Article for use in theft,Community resolution,True,False
Person search,2020-11-11T04:54:11+00:00,,,51.518189,-0.082628,Male,25-34,Black/African/Caribbean/Black British - African,Black,Misuse of Drugs Act 1971 (section 23),Controlled drugs,A no further action disposal,False,False
Person search,2020-11-11T06:05:17+00:00,,,51.517431,-0.082458,Male,18-24,White - English/Welsh/Scottish/Northern Irish/British,White,Misuse of Drugs Act 1971 (section 23),Controlled drugs,A no further action disposal,False,False
Person search,2020-11-11T06:39:48+00:00,,,51.518189,-0.082628,Male,25-34,Other ethnic group - Not stated,White,Misuse of Drugs Act 1971 (section 23),Controlled drugs,A no further action disposal,False,False
Person search,2020-11-11T06:40:51+00:00,,,51.517032,-0.089451,Male,25-34,White - Any other White background,White,Police and Criminal Evidence Act 1984 (section 1),Offensive weapons,A no further action disposal,False,False
Person search,2020-11-11T07:11:56+00:00,,,51.514203,-0.094628,Male,over 34,Other ethnic group - Not stated,Black,Police and Criminal Evidence Act 1984 (section 1),Article for use in theft,A no further action disposal,False,False
Person search,2020-11-11T07:28:50+00:00,,,,,Male,25-34,Other ethnic group - Any other ethnic group,Other,Misuse of Drugs Act 1971 (section 23),Controlled drugs,Khat or Cannabis warning,True,False
Person search,2020-11-11T07:49:16+00:00,,,51.516814,-0.081620,Male,25-34,Other ethnic group - Not stated,Asian,Police and Criminal Evidence Act 1984 (section 1),Article for use in theft,A no further action disposal,False,False
Person search,2020-11-11T08:26:54+00:00,,,51.517431,-0.082458,Male,18-24,White - English/Welsh/Scottish/Northern Irish/British,White,Misuse of Drugs Act 1971 (section 23),Controlled drugs,A no further action disposal,False,False
Person search,2020-11-11T08:28:31+00:00,,,51.517431,-0.082458,Female,18-24,White - English/Welsh/Scottish/Northern Irish/British,White,Misuse of Drugs Act 1971 (section 23),Controlled drugs,Khat or Cannabis warning,True,False
Person search,2020-11-11T08:35:55+00:00,,,51.517431,-0.082458,Male,18-24,White - English/Welsh/Scottish/Northern Irish/British,White,Misuse of Drugs Act 1971 (section 23),Controlled drugs,A no further action disposal,False,False
Person search,2020-11-11T09:18:38+00:00,,,,,Male,18-24,Other ethnic group - Not stated,Black,Misuse of Drugs Act 1971 (section 23),Controlled drugs,A no further action disposal,False,False
Person search,2020-11-11T09:30:32+00:00,,,,,Male,over 34,Asian/Asian British - Indian,Asian,Misuse of Drugs Act 1971 (section 23),Controlled drugs,Khat or Cannabis warning,True,False
Person search,2020-11-11T09:58:29+00:00,,,,,Female,over 34,White - English/Welsh/Scottish/Northern Irish/British,White,Police and Criminal Evidence Act 1984 (section 1),Stolen goods,A no further action disposal,False,False
Person search,2020-11-11T09:58:59+00:00,,,,,Male,over 34,Black/African/Caribbean/Black British - African,Black,Police and Criminal Evidence Act 1984 (section 1),Stolen goods,A no further action disposal,False,False
Person and Vehicle search,2020-11-11T10:07:31+00:00,,,,,Male,18-24,Other ethnic group - Not stated,Other,Police and Criminal Evidence Act 1984 (section 1),Offensive weapons,A no further action disposal,False,False
Person and Vehicle search,2020-11-11T12:53:26+00:00,,,,,Male,18-24,Black/African/Caribbean/Black British - African,Black,Misuse of Drugs Act 1971 (section 23),Controlled drugs,A no further action disposal,True,False
Person and Vehicle search,2020-11-12T02:06:27+00:00,,,,,Male,over 34,White - English/Welsh/Scottish/Northern Irish/British,White,Misuse of Drugs Act 1971 (section 23),Controlled drugs,Community resolution,True,False
Person search,2020-11-12T03:52:20+00:00,,,51.518799,-0.077601,Female,over 34,White - English/Welsh/Scottish/Northern Irish/British,White,Misuse of Drugs Act 1971 (section 23),Controlled drugs,A no further action disposal,False,False
Person search,2020-11-12T03:56:12+00:00,,,51.518799,-0.077601,Male,over 34,White - English/Welsh/Scottish/Northern Irish/British,White,Misuse of Drugs Act 1971 (section 23),Controlled drugs,A no further action disposal,False,False
Person and Vehicle search,2020-11-12T04:12:11+00:00,,,51.517130,-0.107147,Male,over 34,Black/African/Caribbean/Black British - Caribbean,Black,Misuse of Drugs Act 1971 (section 23),Controlled drugs,Arrest,True,False
Person search,2020-11-12T04:46:36+00:00,,,51.525044,-0.094392,Male,over 34,Other ethnic group - Not stated,Asian,Misuse of Drugs Act 1971 (section 23),Controlled drugs,Summons / charged by post,True,False
Person search,2020-11-12T05:18:01+00:00,,,51.522942,-0.092851,Male,over 34,Other ethnic group - Not stated,White,Police and Criminal Evidence Act 1984 (section 1),Article for use in theft,A no further action disposal,False,False
Person search,2020-11-12T05:26:39+00:00,,,51.522942,-0.092851,Female,25-34,Other ethnic group - Not stated,White,Misuse of Drugs Act 1971 (section 23),Controlled drugs,A no further action disposal,False,False
Person search,2020-11-12T05:53:33+00:00,,,51.522942,-0.092851,Male,over 34,Other ethnic group - Not stated,White,Misuse of Drugs Act 1971 (section 23),Controlled drugs,A no further action disposal,False,False
Person search,2020-11-12T06:35:20+00:00,,,51.516347,-0.104887,Male,18-24,White - English/Welsh/Scottish/Northern Irish/British,White,Police and Criminal Evidence Act 1984 (section 1),Stolen goods,A no further action disposal,False,False
Person search,2020-11-12T07:32:39+00:00,,,,,Male,25-34,Black/African/Caribbean/Black British - Caribbean,Black,Misuse of Drugs Act 1971 (section 23),Controlled drugs,Arrest,True,False
Person search,2020-11-12T10:11:33+00:00,,,51.512650,-0.101452,Male,10-17,White - Any other White background,White,Police and Criminal Evidence Act 1984 (section 1),Offensive weapons,A no further action disposal,False,False
Person search,2020-11-12T10:14:12+00:00,,,,,Male,10-17,Asian/Asian British - Bangladeshi,Black,Police and Criminal Evidence Act 1984 (section 1),Article for use in theft,A no further action disposal,False,False
Person search,2020-11-12T12:07:28+00:00,,,51.516814,-0.081620,Male,over 34,White - English/Welsh/Scottish/Northern Irish/British,White,Misuse of Drugs Act 1971 (section 23),Controlled drugs,A no further action disposal,False,False
Person search,2020-11-12T12:42:34+00:00,,,,,Male,25-34,Other ethnic group - Not stated,Black,Misuse of Drugs Act 1971 (section 23),Controlled drugs,A no further action disposal,False,False
Person and Vehicle search,2020-11-12T12:55:24+00:00,,,,,Male,25-34,Asian/Asian British - Pakistani,Asian,Misuse of Drugs Act 1971 (section 23),Controlled drugs,A no further action disposal,True,False
Person search,2020-11-13T01:00:43+00:00,,,51.511749,-0.108018,Male,18-24,White - English/Welsh/Scottish/Northern Irish/British,White,Police and Criminal Evidence Act 1984 (section 1),Stolen goods,A no further action disposal,False,False
Person search,2020-11-13T05:00:29+00:00,,,51.517032,-0.089451,Male,25-34,White - English/Welsh/Scottish/Northern Irish/British,White,Police and Criminal Evidence Act 1984 (section 1),Stolen goods,A no further action disposal,False,False
Person search,2020-11-13T05:13:25+00:00,,,51.514753,-0.082571,Female,over 34,White - Any other White background,White,Police and Criminal Evidence Act 1984 (section 1),Stolen goods,Arrest,True,False
Person search,2020-11-13T06:08:58+00:00,,,51.513928,-0.108231,Male,18-24,White - Any other White background,White,Misuse of Drugs Act 1971 (section 23),Controlled drugs,A no further action disposal,False,False
Person search,2020-11-13T07:19:32+00:00,,,51.518189,-0.082628,Male,18-24,Asian/Asian British - Any other Asian background,Asian,Misuse of Drugs Act 1971 (section 23),Controlled drugs,Khat or Cannabis warning,True,False
Person and Vehicle search,2020-11-13T08:07:31+00:00,,,51.517920,-0.092628,Male,over 34,Other ethnic group - Not stated,White,Misuse of Drugs Act 1971 (section 23),Controlled drugs,A no further action disposal,True,False
Person search,2020-11-13T08:11:35+00:00,,,51.517431,-0.082458,Male,25-34,Black/African/Caribbean/Black British - Any other Black/African/Caribbean background,Black,Police and Criminal Evidence Act 1984 (section 1),Evidence of offences under the Act,A no further action disposal,False,False
Person search,2020-11-13T08:18:36+00:00,,,51.517431,-0.082458,Male,18-24,Other ethnic group - Not stated,Asian,Misuse of Drugs Act 1971 (section 23),Controlled drugs,A no further action disposal,False,False
Person search,2020-11-13T09:38:06+00:00,,,51.518864,-0.097562,Male,10-17,White - English/Welsh/Scottish/Northern Irish/British,White,Misuse of Drugs Act 1971 (section 23),Controlled drugs,A no further action disposal,False,False
Person search,2020-11-13T09:44:06+00:00,,,51.521660,-0.095860,Male,10-17,White - English/Welsh/Scottish/Northern Irish/British,White,Misuse of Drugs Act 1971 (section 23),Controlled drugs,A no further action disposal,False,False
Person search,2020-11-13T10:28:07+00:00,,,51.512650,-0.101452,Male,18-24,White - English/Welsh/Scottish/Northern Irish/British,White,Police and Criminal Evidence Act 1984 (section 1),Offensive weapons,A no further action disposal,False,False
Person search,2020-11-13T10:35:26+00:00,,,51.512650,-0.101452,Male,18-24,Black/African/Caribbean/Black British - African,Black,Police and Criminal Evidence Act 1984 (section 1),Offensive weapons,A no further action disposal,False,False
Person search,2020-11-13T10:53:23+00:00,,,51.517032,-0.089451,Male,25-34,Other ethnic group - Not stated,White,Police and Criminal Evidence Act 1984 (section 1),Article for use in theft,A no further action disposal,False,False
Person search,2020-11-13T11:08:24+00:00,,,51.516703,-0.093558,Male,10-17,White - English/Welsh/Scottish/Northern Irish/British,White,Police and Criminal Evidence Act 1984 (section 1),Article for use in theft,A no further action disposal,False,False
Person search,2020-11-13T11:40:05+00:00,,,51.517431,-0.082458,Male,18-24,Black/African/Caribbean/Black British - Caribbean,Black,Misuse of Drugs Act 1971 (section 23),Controlled drugs,A no further action disposal,False,False
Person search,2020-11-13T11:40:52+00:00,,,51.519620,-0.088766,Male,25-34,White - English/Welsh/Scottish/Northern Irish/British,White,Misuse of Drugs Act 1971 (section 23),Controlled drugs,A no further action disposal,False,False
Person search,2020-11-14T04:40:33+00:00,,,51.517431,-0.082458,Male,25-34,Other ethnic group - Not stated,White,Police and Criminal Evidence Act 1984 (section 1),Stolen goods,A no further action disposal,False,False
Person search,2020-11-14T05:17:47+00:00,,,51.517576,-0.079786,Male,25-34,Other ethnic group - Not stated,White,Misuse of Drugs Act 1971 (section 23),Controlled drugs,A no further action disposal,False,True
Person and Vehicle search,2020-11-14T05:35:16+00:00,,,51.516814,-0.081620,Male,25-34,White - English/Welsh/Scottish/Northern Irish/British,White,Misuse of Drugs Act 1971 (section 23),Controlled drugs,A no further action disposal,False,False
Person and Vehicle search,2020-11-14T07:32:15+00:00,,,,,Male,18-24,White - Any other White background,White,Misuse of Drugs Act 1971 (section 23),Controlled drugs,Arrest,True,False
Person search,2020-11-14T07:39:35+00:00,,,51.518620,-0.094747,Female,25-34,White - English/Welsh/Scottish/Northern Irish/British,White,Misuse of Drugs Act 1971 (section 23),Controlled drugs,Khat or Cannabis warning,True,False
Person search,2020-11-14T07:42:21+00:00,,,,,Female,25-34,White - English/Welsh/Scottish/Northern Irish/British,White,Misuse of Drugs Act 1971 (section 23),Controlled drugs,A no further action disposal,False,False
Person search,2020-11-14T07:45:49+00:00,,,51.518620,-0.094747,Female,25-34,White - English/Welsh/Scottish/Northern Irish/British,White,Misuse of Drugs Act 1971 (section 23),Controlled drugs,A no further action disposal,False,False
Person and Vehicle search,2020-11-14T11:03:22+00:00,,,,,Male,18-24,White - Any other White background,White,Misuse of Drugs Act 1971 (section 23),Controlled drugs,Arrest,True,False
Person and Vehicle search,2020-11-15T06:02:26+00:00,,,,,Male,25-34,Other ethnic group - Not stated,White,Misuse of Drugs Act 1971 (section 23),Controlled drugs,A no further action disposal,False,False
Person and Vehicle search,2020-11-15T08:35:44+00:00,,,51.506255,-0.074901,Male,18-24,Black/African/Caribbean/Black British - Caribbean,Black,Misuse of Drugs Act 1971 (section 23),Controlled drugs,A no further action disposal,False,False
Person and Vehicle search,2020-11-15T08:43:28+00:00,,,51.506255,-0.074901,Female,25-34,White - English/Welsh/Scottish/Northern Irish/British,White,Misuse of Drugs Act 1971 (section 23),Controlled drugs,A no further action disposal,False,False
Person search,2020-11-16T03:05:59+00:00,,,51.513928,-0.108231,Male,25-34,White - English/Welsh/Scottish/Northern Irish/British,White,Police and Criminal Evidence Act 1984 (section 1),Article for use in theft,A no further action disposal,False,False
Person search,2020-11-16T09:23:09+00:00,,,,,Male,over 34,White - Any other White background,White,Police and Criminal Evidence Act 1984 (section 1),Article for use in theft,A no further action disposal,False,False
Person search,2020-11-17T01:28:52+00:00,,,51.512598,-0.084967,Male,over 34,Other ethnic group - Not stated,Black,Police and Criminal Evidence Act 1984 (section 1),Stolen goods,Arrest,True,False
Person search,2020-11-17T04:06:22+00:00,,,51.520059,-0.084251,Male,25-34,Other ethnic group - Not stated,White,Police and Criminal Evidence Act 1984 (section 1),Article for use in theft,A no further action disposal,False,False
Person search,2020-11-17T04:12:26+00:00,,,51.520059,-0.084251,Male,25-34,White - Any other White background,White,Police and Criminal Evidence Act 1984 (section 1),Article for use in theft,A no further action disposal,True,False
Person and Vehicle search,2020-11-17T05:48:17+00:00,,,,,Male,18-24,Other ethnic group - Not stated,Black,Police and Criminal Evidence Act 1984 (section 1),Stolen goods,A no further action disposal,False,False
Person search,2020-11-17T06:22:13+00:00,,,51.514528,-0.080952,Male,over 34,White - English/Welsh/Scottish/Northern Irish/British,White,Police and Criminal Evidence Act 1984 (section 1),Stolen goods,A no further action disposal,False,False
Person search,2020-11-17T07:03:42+00:00,,,51.513114,-0.086272,Male,25-34,,,Police and Criminal Evidence Act 1984 (section 1),Stolen goods,A no further action disposal,False,False
Person search,2020-11-17T09:27:02+00:00,,,,,Male,18-24,Asian/Asian British - Any other Asian background,Asian,Misuse of Drugs Act 1971 (section 23),Controlled drugs,A no further action disposal,False,False
Person search,2020-11-17T09:38:57+00:00,,,,,Male,18-24,Asian/Asian British - Any other Asian background,Asian,Misuse of Drugs Act 1971 (section 23),Controlled drugs,Khat or Cannabis warning,True,False
Person and Vehicle search,2020-11-17T09:59:17+00:00,,,51.509848,-0.104494,Male,25-34,White - English/Welsh/Scottish/Northern Irish/British,White,Misuse of Drugs Act 1971 (section 23),Controlled drugs,A no further action disposal,False,False
Person search,2020-11-17T10:16:54+00:00,,,51.512206,-0.073152,Male,25-34,Other ethnic group - Not stated,White,Misuse of Drugs Act 1971 (section 23),Controlled drugs,A no further action disposal,False,False
Person and Vehicle search,2020-11-17T10:56:05+00:00,,,51.511180,-0.073065,Male,over 34,Mixed/Multiple ethnic groups - White and Black Caribbean,Black,Misuse of Drugs Act 1971 (section 23),Controlled drugs,Arrest,True,False
Person and Vehicle search,2020-11-18T05:11:51+00:00,,,51.509848,-0.104494,Male,18-24,Asian/Asian British - Any other Asian background,Asian,Misuse of Drugs Act 1971 (section 23),Controlled drugs,Arrest,True,False
Person and Vehicle search,2020-11-18T06:26:04+00:00,,,51.516078,-0.084980,Male,25-34,Other ethnic group - Not stated,White,Police and Criminal Evidence Act 1984 (section 1),Stolen goods,A no further action disposal,False,False
Person search,2020-11-18T06:56:49+00:00,,,,,Male,over 34,Asian/Asian British - Pakistani,Asian,Police and Criminal Evidence Act 1984 (section 1),Article for use in theft,A no further action disposal,False,False
Person and Vehicle search,2020-11-18T07:19:46+00:00,,,51.516834,-0.076199,Male,25-34,Other ethnic group - Not stated,Black,Misuse of Drugs Act 1971 (section 23),Controlled drugs,Arrest,True,False
Person search,2020-11-18T08:24:25+00:00,,,51.508971,-0.078779,Male,18-24,Asian/Asian British - Bangladeshi,Asian,Misuse of Drugs Act 1971 (section 23),Controlled drugs,A no further action disposal,True,False
Person search,2020-11-18T08:40:47+00:00,,,51.508971,-0.078779,Male,18-24,Other ethnic group - Not stated,Asian,Misuse of Drugs Act 1971 (section 23),Controlled drugs,A no further action disposal,False,False
Person search,2020-11-19T02:48:58+00:00,,,51.518029,-0.082722,Male,25-34,Other ethnic group - Not stated,White,Police and Criminal Evidence Act 1984 (section 1),Offensive weapons,A no further action disposal,True,False
Person search,2020-11-19T03:46:29+00:00,,,51.514203,-0.094628,Male,,,,Police and Criminal Evidence Act 1984 (section 1),Article for use in theft,A no further action disposal,True,False
Person search,2020-11-19T04:10:46+00:00,,,51.511208,-0.074793,Male,25-34,White - Any other White background,White,Police and Criminal Evidence Act 1984 (section 1),Stolen goods,A no further action disposal,False,False
Person search,2020-11-19T04:13:09+00:00,,,51.518189,-0.082628,Male,over 34,Other ethnic group - Not stated,Other,Police and Criminal Evidence Act 1984 (section 1),Offensive weapons,A no further action disposal,False,False
Person search,2020-11-19T08:52:13+00:00,,,51.514513,-0.096561,Male,,Other ethnic group - Not stated,White,Police and Criminal Evidence Act 1984 (section 1),Articles for use in criminal damage,A no further action disposal,False,False
Person search,2020-11-19T12:11:38+00:00,,,51.509950,-0.078665,Male,over 34,White - English/Welsh/Scottish/Northern Irish/British,White,Misuse of Drugs Act 1971 (section 23),Controlled drugs,A no further action disposal,False,False
Person search,2020-11-19T12:49:17+00:00,,,51.513869,-0.105134,Male,25-34,White - Any other White background,White,Police and Criminal Evidence Act 1984 (section 1),Stolen goods,A no further action disposal,False,False
Person search,2020-11-20T02:26:34+00:00,,,51.517032,-0.089451,Male,18-24,Other ethnic group - Not stated,Black,Police and Criminal Evidence Act 1984 (section 1),Article for use in theft,A no further action disposal,False,False
Person search,2020-11-20T02:35:07+00:00,,,,,Male,25-34,White - English/Welsh/Scottish/Northern Irish/British,White,Police and Criminal Evidence Act 1984 (section 1),Stolen goods,Arrest,True,False
Person search,2020-11-20T02:38:26+00:00,,,,,Female,25-34,White - English/Welsh/Scottish/Northern Irish/British,White,Police and Criminal Evidence Act 1984 (section 1),Stolen goods,Arrest,True,False
Person search,2020-11-20T02:57:15+00:00,,,51.512462,-0.076095,Male,over 34,Other ethnic group - Not stated,White,Police and Criminal Evidence Act 1984 (section 1),Article for use in theft,A no further action disposal,False,False
Person search,2020-11-20T08:12:26+00:00,,,51.510148,-0.077029,Female,25-34,White - English/Welsh/Scottish/Northern Irish/British,White,Misuse of Drugs Act 1971 (section 23),Controlled drugs,Khat or Cannabis warning,True,False
Person search,2020-11-20T09:21:56+00:00,,,51.512147,-0.092077,Male,18-24,Asian/Asian British - Indian,Asian,Misuse of Drugs Act 1971 (section 23),Controlled drugs,Khat or Cannabis warning,True,False
Person search,2020-11-20T09:43:04+00:00,,,51.517032,-0.089451,Female,,,,Police and Criminal Evidence Act 1984 (section 1),Article for use in theft,A no further action disposal,False,False
Person search,2020-11-20T11:00:18+00:00,,,51.518680,-0.085173,Female,18-24,Other ethnic group - Not stated,Asian,Misuse of Drugs Act 1971 (section 23),Controlled drugs,Khat or Cannabis warning,True,False
Person search,2020-11-20T11:55:48+00:00,,,51.516814,-0.081620,Male,18-24,Other ethnic group - Not stated,Asian,Police and Criminal Evidence Act 1984 (section 1),,A no further action disposal,False,False
Person search,2020-11-20T12:50:48+00:00,,,51.517431,-0.082458,Male,25-34,White - English/Welsh/Scottish/Northern Irish/British,White,Police and Criminal Evidence Act 1984 (section 1),Stolen goods,A no further action disposal,False,False
Person search,2020-11-21T02:08:53+00:00,,,,,Male,25-34,Asian/Asian British - Bangladeshi,Asian,Misuse of Drugs Act 1971 (section 23),Controlled drugs,Khat or Cannabis warning,True,False
Person search,2020-11-21T02:53:23+00:00,,,51.517588,-0.076686,Male,18-24,Other ethnic group - Not stated,Asian,Misuse of Drugs Act 1971 (section 23),Controlled drugs,A no further action disposal,False,False
Person search,2020-11-21T04:10:59+00:00,,,51.518262,-0.088203,Male,10-17,White - English/Welsh/Scottish/Northern Irish/British,White,Misuse of Drugs Act 1971 (section 23),Controlled drugs,A no further action disposal,False,False
Person search,2020-11-21T04:24:10+00:00,,,51.516814,-0.081620,Male,over 34,Other ethnic group - Not stated,Asian,Police and Criminal Evidence Act 1984 (section 1),Article for use in theft,A no further action disposal,False,False
Person search,2020-11-21T04:55:11+00:00,,,51.511625,-0.081549,Male,10-17,White - English/Welsh/Scottish/Northern Irish/British,White,Police and Criminal Evidence Act 1984 (section 1),Article for use in theft,A no further action disposal,False,False
Person and Vehicle search,2020-11-21T05:32:40+00:00,,,51.517938,-0.098148,Male,over 34,Black/African/Caribbean/Black British - Any other Black/African/Caribbean background,Black,Misuse of Drugs Act 1971 (section 23),Controlled drugs,A no further action disposal,False,False
Person search,2020-11-21T05:33:43+00:00,,,51.509775,-0.085014,Male,10-17,Other ethnic group - Any other ethnic group,Asian,Misuse of Drugs Act 1971 (section 23),Controlled drugs,A no further action disposal,False,False
Person search,2020-11-21T06:13:34+00:00,,,,,Male,18-24,Asian/Asian British - Indian,Asian,Misuse of Drugs Act 1971 (section 23),Controlled drugs,A no further action disposal,False,False
Person search,2020-11-21T06:16:13+00:00,,,51.519365,-0.088013,Female,over 34,White - English/Welsh/Scottish/Northern Irish/British,White,Police and Criminal Evidence Act 1984 (section 1),Stolen goods,A no further action disposal,False,False
Person search,2020-11-22T02:18:19+00:00,,,51.517058,-0.083296,Male,25-34,White - Any other White background,White,Police and Criminal Evidence Act 1984 (section 1),Article for use in theft,A no further action disposal,False,False
Person and Vehicle search,2020-11-22T04:25:53+00:00,,,51.509848,-0.104494,Male,18-24,Other ethnic group - Not stated,Black,Misuse of Drugs Act 1971 (section 23),Controlled drugs,A no further action disposal,False,False
Person search,2020-11-22T04:41:30+00:00,,,51.520658,-0.094546,Male,18-24,Other ethnic group - Not stated,White,Police and Criminal Evidence Act 1984 (section 1),Article for use in theft,A no further action disposal,False,False
Person search,2020-11-22T12:03:53+00:00,,,51.516900,-0.084095,Male,over 34,White - English/Welsh/Scottish/Northern Irish/British,White,Misuse of Drugs Act 1971 (section 23),Controlled drugs,Khat or Cannabis warning,True,False
Person search,2020-11-22T12:38:41+00:00,,,51.520206,-0.097736,Male,18-24,Black/African/Caribbean/Black British - Caribbean,Black,Misuse of Drugs Act 1971 (section 23),Controlled drugs,Khat or Cannabis warning,True,False
Person search,2020-11-23T01:25:41+00:00,,,51.512462,-0.076095,Female,10-17,Other ethnic group - Not stated,White,Misuse of Drugs Act 1971 (section 23),Controlled drugs,A no further action disposal,False,False
Person search,2020-11-23T01:59:19+00:00,,,51.511445,-0.076080,Female,18-24,Black/African/Caribbean/Black British - Any other Black/African/Caribbean background,Black,Misuse of Drugs Act 1971 (section 23),Controlled drugs,Khat or Cannabis warning,True,False
Person and Vehicle search,2020-11-23T02:21:01+00:00,,,,,Male,25-34,White - Any other White background,White,Misuse of Drugs Act 1971 (section 23),Controlled drugs,A no further action disposal,False,False
Person search,2020-11-23T05:01:47+00:00,,,51.512462,-0.076095,Female,10-17,Other ethnic group - Not stated,White,Misuse of Drugs Act 1971 (section 23),Controlled drugs,A no further action disposal,True,False
Person search,2020-11-23T05:11:38+00:00,,,,,Female,25-34,Black/African/Caribbean/Black British - African,Black,Misuse of Drugs Act 1971 (section 23),Controlled drugs,Khat or Cannabis warning,True,False
Person and Vehicle search,2020-11-23T05:52:36+00:00,,,51.525851,-0.055882,Male,25-34,White - English/Welsh/Scottish/Northern Irish/British,White,Misuse of Drugs Act 1971 (section 23),Controlled drugs,Khat or Cannabis warning,True,False
Person search,2020-11-23T07:49:13+00:00,,,51.534279,-0.112160,Male,,,,Misuse of Drugs Act 1971 (section 23),Controlled drugs,A no further action disposal,False,False
Person search,2020-11-23T08:02:16+00:00,,,51.545570,-0.084218,Male,,,,Police and Criminal Evidence Act 1984 (section 1),Offensive weapons,A no further action disposal,False,False
Person search,2020-11-23T08:03:36+00:00,,,51.545570,-0.084218,Male,,,,Police and Criminal Evidence Act 1984 (section 1),Offensive weapons,A no further action disposal,False,False
Person search,2020-11-23T09:03:59+00:00,,,51.512598,-0.084967,Male,over 34,White - English/Welsh/Scottish/Northern Irish/British,White,Police and Criminal Evidence Act 1984 (section 1),Evidence of offences under the Act,A no further action disposal,False,False
Person and Vehicle search,2020-11-24T01:02:19+00:00,,,51.550556,-0.076191,Male,18-24,Other ethnic group - Not stated,Other,Police and Criminal Evidence Act 1984 (section 1),Offensive weapons,A no further action disposal,False,False
Person search,2020-11-24T01:24:34+00:00,,,51.519312,-0.103597,Male,over 34,White - English/Welsh/Scottish/Northern Irish/British,White,Misuse of Drugs Act 1971 (section 23),Controlled drugs,A no further action disposal,False,False
Person search,2020-11-24T02:32:53+00:00,,,51.512598,-0.084967,Male,over 34,Mixed/Multiple ethnic groups - White and Asian,Other,Police and Criminal Evidence Act 1984 (section 1),Article for use in theft,A no further action disposal,False,False
Person search,2020-11-24T02:44:12+00:00,,,51.512598,-0.084967,Male,over 34,Asian/Asian British - Bangladeshi,Asian,Police and Criminal Evidence Act 1984 (section 1),Stolen goods,Arrest,True,False
Person and Vehicle search,2020-11-24T04:40:03+00:00,,,51.509532,-0.088843,Male,18-24,Other ethnic group - Not stated,White,Misuse of Drugs Act 1971 (section 23),Controlled drugs,Khat or Cannabis warning,True,False
Person and Vehicle search,2020-11-24T04:52:39+00:00,,,51.509532,-0.088843,Male,18-24,White - English/Welsh/Scottish/Northern Irish/British,White,Misuse of Drugs Act 1971 (section 23),Controlled drugs,A no further action disposal,False,False
Person search,2020-11-24T07:49:43+00:00,,,51.513355,-0.089475,Male,18-24,Other ethnic group - Not stated,Black,Police and Criminal Evidence Act 1984 (section 1),Article for use in theft,A no further action disposal,False,False
Person search,2020-11-24T08:21:18+00:00,,,51.513355,-0.089475,Male,25-34,Black/African/Caribbean/Black British - African,Black,Police and Criminal Evidence Act 1984 (section 1),Article for use in theft,A no further action disposal,False,False
Person search,2020-11-24T12:36:01+00:00,,,51.517058,-0.083296,Male,over 34,Other ethnic group - Not stated,White,Police and Criminal Evidence Act 1984 (section 1),Article for use in theft,A no further action disposal,False,False
Person search,2020-11-25T02:05:52+00:00,,,51.517680,-0.078484,Male,25-34,White - English/Welsh/Scottish/Northern Irish/British,White,Misuse of Drugs Act 1971 (section 23),Controlled drugs,A no further action disposal,False,False
Person search,2020-11-25T02:29:15+00:00,,,51.509876,-0.086278,Male,10-17,Other ethnic group - Not stated,Other,Misuse of Drugs Act 1971 (section 23),Controlled drugs,A no further action disposal,True,False
Person search,2020-11-25T02:35:21+00:00,,,51.509876,-0.086278,Male,10-17,Other ethnic group - Not stated,Other,Misuse of Drugs Act 1971 (section 23),Controlled drugs,A no further action disposal,False,False
Person search,2020-11-25T02:54:35+00:00,,,51.512598,-0.084967,Male,over 34,White - Any other White background,White,Police and Criminal Evidence Act 1984 (section 1),Stolen goods,A no further action disposal,False,False
Person search,2020-11-25T04:35:21+00:00,,,51.540783,-0.099532,Male,18-24,White - English/Welsh/Scottish/Northern Irish/British,White,Misuse of Drugs Act 1971 (section 23),Controlled drugs,A no further action disposal,False,False
Person search,2020-11-25T04:47:35+00:00,,,51.517032,-0.089451,Male,18-24,White - Any other White background,White,Misuse of Drugs Act 1971 (section 23),Controlled drugs,A no further action disposal,False,False
Person and Vehicle search,2020-11-25T04:49:22+00:00,,,51.546265,-0.071727,Male,25-34,Other ethnic group - Not stated,Asian,Misuse of Drugs Act 1971 (section 23),Controlled drugs,Arrest,True,False
Person search,2020-11-25T04:50:15+00:00,,,51.508066,-0.087780,Male,10-17,Other ethnic group - Not stated,Asian,Misuse of Drugs Act 1971 (section 23),Controlled drugs,A no further action disposal,False,False
Person search,2020-11-25T04:59:59+00:00,,,51.508066,-0.087780,Male,10-17,Other ethnic group - Not stated,Asian,Misuse of Drugs Act 1971 (section 23),Controlled drugs,A no further action disposal,False,False
Person search,2020-11-25T05:09:01+00:00,,,51.508066,-0.087780,Male,10-17,Other ethnic group - Not stated,Asian,Misuse of Drugs Act 1971 (section 23),Controlled drugs,A no further action disposal,False,False
Person search,2020-11-25T08:18:13+00:00,,,,,Male,25-34,Other ethnic group - Not stated,Black,Misuse of Drugs Act 1971 (section 23),Controlled drugs,A no further action disposal,False,False
Person and Vehicle search,2020-11-25T08:32:10+00:00,,,51.558506,-0.055528,Male,18-24,White - Irish,White,Police and Criminal Evidence Act 1984 (section 1),Stolen goods,A no further action disposal,False,False
Person search,2020-11-25T10:13:30+00:00,,,51.531054,-0.066574,Male,18-24,Asian/Asian British - Bangladeshi,Asian,Police and Criminal Evidence Act 1984 (section 1),Offensive weapons,A no further action disposal,False,False
Person and Vehicle search,2020-11-25T11:16:40+00:00,,,51.528493,-0.091394,Male,18-24,Other ethnic group - Not stated,Black,Misuse of Drugs Act 1971 (section 23),Controlled drugs,A no further action disposal,True,False
Person search,2020-11-26T01:46:51+00:00,,,,,Male,over 34,Other ethnic group - Not stated,White,Police and Criminal Evidence Act 1984 (section 1),Stolen goods,A no further action disposal,False,False
Person and Vehicle search,2020-11-26T02:27:40+00:00,,,,,Male,18-24,Mixed/Multiple ethnic groups - White and Black African,Black,Misuse of Drugs Act 1971 (section 23),Controlled drugs,Arrest,True,False
Person search,2020-11-26T03:57:01+00:00,,,51.516877,-0.087670,Male,25-34,White - Any other White background,White,Police and Criminal Evidence Act 1984 (section 1),Articles for use in criminal damage,A no further action disposal,False,False
Person search,2020-11-26T03:59:33+00:00,,,51.516877,-0.087670,Male,25-34,White - Any other White background,White,Police and Criminal Evidence Act 1984 (section 1),Articles for use in criminal damage,A no further action disposal,False,False
Person search,2020-11-26T04:05:13+00:00,,,51.512856,-0.073254,Female,25-34,Asian/Asian British - Bangladeshi,Asian,Misuse of Drugs Act 1971 (section 23),Controlled drugs,Penalty Notice for Disorder,True,False
Person search,2020-11-26T04:10:07+00:00,,,51.517431,-0.082458,Male,18-24,Black/African/Caribbean/Black British - African,Black,Misuse of Drugs Act 1971 (section 23),Controlled drugs,A no further action disposal,False,False
Person and Vehicle search,2020-11-26T04:25:22+00:00,,,51.512856,-0.073254,Male,18-24,Other ethnic group - Not stated,Asian,Misuse of Drugs Act 1971 (section 23),Controlled drugs,Arrest,True,False
Person search,2020-11-26T04:44:44+00:00,,,51.518864,-0.097562,Male,18-24,Other ethnic group - Not stated,Black,Police and Criminal Evidence Act 1984 (section 1),Article for use in theft,A no further action disposal,False,False
Person search,2020-11-26T04:58:24+00:00,,,51.517680,-0.078484,Male,25-34,Black/African/Caribbean/Black British - African,Black,Misuse of Drugs Act 1971 (section 23),Controlled drugs,A no further action disposal,False,False
Person search,2020-11-26T05:00:51+00:00,,,51.518864,-0.097562,Male,18-24,Other ethnic group - Not stated,Other,Police and Criminal Evidence Act 1984 (section 1),Article for use in theft,A no further action disposal,True,False
Person search,2020-11-26T05:33:38+00:00,,,51.517680,-0.078484,Male,over 34,White - Irish,White,Misuse of Drugs Act 1971 (section 23),Controlled drugs,A no further action disposal,False,True
Person and Vehicle search,2020-11-26T06:37:15+00:00,,,51.518181,-0.058082,Male,25-34,Asian/Asian British - Pakistani,Asian,Misuse of Drugs Act 1971 (section 23),Controlled drugs,A no further action disposal,False,False
Person and Vehicle search,2020-11-26T06:38:12+00:00,,,51.518181,-0.058082,Male,25-34,Other ethnic group - Not stated,Asian,Misuse of Drugs Act 1971 (section 23),Controlled drugs,A no further action disposal,False,False
Person search,2020-11-26T06:39:20+00:00,,,51.517680,-0.078484,Male,over 34,Other ethnic group - Not stated,Other,Misuse of Drugs Act 1971 (section 23),Controlled drugs,A no further action disposal,False,False
Person and Vehicle search,2020-11-26T07:19:43+00:00,,,51.509848,-0.104494,Male,18-24,Other ethnic group - Not stated,Other,Misuse of Drugs Act 1971 (section 23),Controlled drugs,A no further action disposal,False,False
Person and Vehicle search,2020-11-26T07:23:53+00:00,,,51.578222,-0.073796,Male,18-24,White - Irish,White,Misuse of Drugs Act 1971 (section 23),Controlled drugs,A no further action disposal,False,False
Person and Vehicle search,2020-11-26T08:51:19+00:00,,,51.517920,-0.092628,Male,18-24,Other ethnic group - Not stated,Asian,Misuse of Drugs Act 1971 (section 23),Controlled drugs,A no further action disposal,False,False
Person and Vehicle search,2020-11-26T10:20:42+00:00,,,51.513377,-0.096363,Male,over 34,White - English/Welsh/Scottish/Northern Irish/British,White,Misuse of Drugs Act 1971 (section 23),Controlled drugs,A no further action disposal,True,False
Person search,2020-11-26T11:43:25+00:00,,,51.513377,-0.096363,Male,over 34,White - English/Welsh/Scottish/Northern Irish/British,White,Misuse of Drugs Act 1971 (section 23),Controlled drugs,A no further action disposal,True,False
Person search,2020-11-26T12:35:05+00:00,,,51.578222,-0.073796,Male,18-24,Other ethnic group - Not stated,White,Misuse of Drugs Act 1971 (section 23),Controlled drugs,A no further action disposal,False,False
Person and Vehicle search,2020-11-27T02:00:32+00:00,,,,,Male,18-24,White - English/Welsh/Scottish/Northern Irish/British,White,Police and Criminal Evidence Act 1984 (section 1),Offensive weapons,A no further action disposal,False,False
Person search,2020-11-27T02:08:07+00:00,,,51.517032,-0.089451,Male,10-17,Other ethnic group - Not stated,Asian,Police and Criminal Evidence Act 1984 (section 1),Article for use in theft,A no further action disposal,False,False
Person search,2020-11-27T02:18:55+00:00,,,51.538916,-0.076018,Male,18-24,Other ethnic group - Not stated,Asian,Misuse of Drugs Act 1971 (section 23),Controlled drugs,A no further action disposal,False,False
Person search,2020-11-27T03:09:03+00:00,,,51.511453,-0.077637,Male,25-34,Asian/Asian British - Any other Asian background,Other,Misuse of Drugs Act 1971 (section 23),Controlled drugs,A no further action disposal,False,False
Person search,2020-11-27T03:17:44+00:00,,,51.512650,-0.101452,Male,25-34,White - English/Welsh/Scottish/Northern Irish/British,White,Misuse of Drugs Act 1971 (section 23),Controlled drugs,A no further action disposal,False,False
Person search,2020-11-27T03:55:04+00:00,,,,,Male,,,,Misuse of Drugs Act 1971 (section 23),Controlled drugs,A no further action disposal,False,False
Person search,2020-11-27T04:00:57+00:00,,,51.517032,-0.089451,Male,25-34,White - English/Welsh/Scottish/Northern Irish/British,White,Misuse of Drugs Act 1971 (section 23),Controlled drugs,A no further action disposal,False,False
Person search,2020-11-27T04:34:03+00:00,,,51.518181,-0.058082,Male,over 34,Other ethnic group - Not stated,Asian,Misuse of Drugs Act 1971 (section 23),Controlled drugs,A no further action disposal,False,False
Person search,2020-11-27T05:11:12+00:00,,,51.516814,-0.081620,Male,over 34,White - Any other White background,White,Misuse of Drugs Act 1971 (section 23),Controlled drugs,Khat or Cannabis warning,True,False
Person search,2020-11-27T05:16:52+00:00,,,51.512650,-0.101452,Male,18-24,White - English/Welsh/Scottish/Northern Irish/British,White,Misuse of Drugs Act 1971 (section 23),Controlled drugs,A no further action disposal,False,False
Person search,2020-11-27T06:32:55+00:00,,,51.516347,-0.104887,Male,10-17,Mixed/Multiple ethnic groups - Any other Mixed/Multiple ethnic background,Black,Police and Criminal Evidence Act 1984 (section 1),Fireworks,A no further action disposal,False,False
Person search,2020-11-27T06:38:00+00:00,,,51.515047,-0.107910,Male,10-17,Other ethnic group - Not stated,Black,Police and Criminal Evidence Act 1984 (section 1),Stolen goods,A no further action disposal,False,False
Person search,2020-11-27T07:36:09+00:00,,,,,Male,25-34,White - Any other White background,White,Police and Criminal Evidence Act 1984 (section 1),Article for use in theft,A no further action disposal,False,False
Person search,2020-11-27T08:00:13+00:00,,,51.516347,-0.104887,Male,10-17,Other ethnic group - Not stated,Black,Police and Criminal Evidence Act 1984 (section 1),Fireworks,A no further action disposal,False,False
Person search,2020-11-27T08:01:05+00:00,,,51.513928,-0.108231,Male,10-17,Black/African/Caribbean/Black British - African,Black,Police and Criminal Evidence Act 1984 (section 1),Stolen goods,A no further action disposal,False,False
Person search,2020-11-27T08:02:11+00:00,,,51.519350,-0.099848,Male,10-17,White - English/Welsh/Scottish/Northern Irish/British,White,Police and Criminal Evidence Act 1984 (section 1),Stolen goods,A no further action disposal,False,False
Person search,2020-11-27T08:08:53+00:00,,,51.516814,-0.081620,Male,over 34,Other ethnic group - Not stated,Asian,Misuse of Drugs Act 1971 (section 23),Controlled drugs,A no further action disposal,False,False
Person and Vehicle search,2020-11-27T08:10:35+00:00,,,51.517032,-0.089451,Male,18-24,Other ethnic group - Not stated,Black,Misuse of Drugs Act 1971 (section 23),Controlled drugs,A no further action disposal,False,False
Person search,2020-11-27T09:22:58+00:00,,,51.517909,-0.109709,Male,10-17,White - English/Welsh/Scottish/Northern Irish/British,White,Police and Criminal Evidence Act 1984 (section 1),Article for use in theft,A no further action disposal,False,False
Person search,2020-11-27T10:02:22+00:00,,,,,Male,18-24,Mixed/Multiple ethnic groups - Any other Mixed/Multiple ethnic background,Other,Misuse of Drugs Act 1971 (section 23),Controlled drugs,A no further action disposal,False,False
Person search,2020-11-27T10:03:29+00:00,,,51.517431,-0.082458,Male,18-24,Other ethnic group - Not stated,Black,Misuse of Drugs Act 1971 (section 23),Controlled drugs,A no further action disposal,False,False
Person search,2020-11-27T10:31:40+00:00,,,51.515849,-0.077596,Male,10-17,White - English/Welsh/Scottish/Northern Irish/British,White,Police and Criminal Evidence Act 1984 (section 1),Article for use in theft,A no further action disposal,False,False
Person search,2020-11-27T12:09:17+00:00,,,51.519231,-0.057418,Male,25-34,Asian/Asian British - Bangladeshi,Asian,Misuse of Drugs Act 1971 (section 23),Controlled drugs,A no further action disposal,False,False
Person search,2020-11-27T12:15:06+00:00,,,,,Male,25-34,Black/African/Caribbean/Black British - Caribbean,Black,Misuse of Drugs Act 1971 (section 23),Controlled drugs,A no further action disposal,False,False
Person and Vehicle search,2020-11-27T12:27:42+00:00,,,,,Male,18-24,Other ethnic group - Not stated,Asian,Misuse of Drugs Act 1971 (section 23),Controlled drugs,A no further action disposal,False,False
Person search,2020-11-27T12:45:20+00:00,,,51.513377,-0.096363,Male,over 34,White - English/Welsh/Scottish/Northern Irish/British,Other,Misuse of Drugs Act 1971 (section 23),Controlled drugs,A no further action disposal,True,False
Person search,2020-11-28T02:11:30+00:00,,,51.509848,-0.104494,Male,25-34,Mixed/Multiple ethnic groups - White and Black Caribbean,Black,Misuse of Drugs Act 1971 (section 23),Controlled drugs,A no further action disposal,False,False
Person search,2020-11-28T02:19:48+00:00,,,51.509848,-0.104494,Female,18-24,White - English/Welsh/Scottish/Northern Irish/British,White,Misuse of Drugs Act 1971 (section 23),Controlled drugs,A no further action disposal,False,False
Person and Vehicle search,2020-11-28T02:30:02+00:00,,,51.506255,-0.074901,Female,18-24,Asian/Asian British - Pakistani,White,Misuse of Drugs Act 1971 (section 23),Controlled drugs,Khat or Cannabis warning,True,False
Person and Vehicle search,2020-11-28T02:36:40+00:00,,,51.506255,-0.074901,Female,18-24,Black/African/Caribbean/Black British - African,Black,Misuse of Drugs Act 1971 (section 23),Controlled drugs,Khat or Cannabis warning,True,False
Person and Vehicle search,2020-11-28T02:52:35+00:00,,,51.506255,-0.074901,Male,25-34,Asian/Asian British - Any other Asian background,Asian,Misuse of Drugs Act 1971 (section 23),Controlled drugs,A no further action disposal,False,False
Person search,2020-11-28T05:05:43+00:00,,,51.517680,-0.078484,Male,25-34,Other ethnic group - Not stated,Asian,Misuse of Drugs Act 1971 (section 23),Controlled drugs,A no further action disposal,False,False
Person search,2020-11-28T05:53:18+00:00,,,51.518433,-0.078856,Male,25-34,Other ethnic group - Not stated,Asian,Misuse of Drugs Act 1971 (section 23),Controlled drugs,A no further action disposal,False,False
Person and Vehicle search,2020-11-28T06:51:06+00:00,,,51.516814,-0.081620,Male,,,,Misuse of Drugs Act 1971 (section 23),Controlled drugs,Arrest,True,False
Person search,2020-11-28T09:38:16+00:00,,,51.517058,-0.083296,Male,10-17,White - English/Welsh/Scottish/Northern Irish/British,White,Misuse of Drugs Act 1971 (section 23),Controlled drugs,Khat or Cannabis warning,True,False
Person search,2020-11-28T11:51:43+00:00,,,51.517149,-0.087760,Male,25-34,White - English/Welsh/Scottish/Northern Irish/British,White,Misuse of Drugs Act 1971 (section 23),Controlled drugs,Khat or Cannabis warning,True,False
Person search,2020-11-28T12:45:24+00:00,,,51.506255,-0.074901,Male,25-34,Other ethnic group - Not stated,Other,Misuse of Drugs Act 1971 (section 23),Controlled drugs,Arrest,True,False
Person search,2020-11-29T03:43:02+00:00,,,51.508066,-0.087780,Male,18-24,Black/African/Caribbean/Black British - Caribbean,Black,Misuse of Drugs Act 1971 (section 23),Controlled drugs,Summons / charged by post,True,False
Person search,2020-11-29T06:04:19+00:00,,,,,Male,25-34,Other ethnic group - Not stated,White,Misuse of Drugs Act 1971 (section 23),Controlled drugs,A no further action disposal,False,False
Person search,2020-11-29T07:05:46+00:00,,,51.516814,-0.081620,Male,over 34,Black/African/Caribbean/Black British - Caribbean,Black,Firearms Act 1968 (section 47),Firearms,A no further action disposal,False,False
Person search,2020-11-29T09:03:39+00:00,,,51.515728,-0.078393,Male,18-24,Other ethnic group - Not stated,Other,Misuse of Drugs Act 1971 (section 23),Controlled drugs,A no further action disposal,False,False
Person search,2020-11-29T09:50:49+00:00,,,,,Male,18-24,White - English/Welsh/Scottish/Northern Irish/British,White,Misuse of Drugs Act 1971 (section 23),Controlled drugs,Khat or Cannabis warning,True,False
Person search,2020-11-29T12:13:39+00:00,,,51.516814,-0.081620,Male,over 34,White - Any other White background,White,Police and Criminal Evidence Act 1984 (section 1),Stolen goods,Arrest,True,False
Person and Vehicle search,2020-11-30T01:50:59+00:00,,,51.506255,-0.074901,Male,25-34,White - Any other White background,White,Misuse of Drugs Act 1971 (section 23),Controlled drugs,A no further action disposal,False,False
Person search,2020-11-30T03:40:13+00:00,,,51.516814,-0.081620,Male,25-34,Other ethnic group - Not stated,Asian,Misuse of Drugs Act 1971 (section 23),Controlled drugs,A no further action disposal,False,False
Person search,2020-11-30T04:22:25+00:00,,,51.514804,-0.080782,Male,over 34,White - Any other White background,White,Misuse of Drugs Act 1971 (section 23),Controlled drugs,Khat or Cannabis warning,True,False
Person search,2020-11-30T04:28:02+00:00,,,51.509547,-0.076031,Male,18-24,Other ethnic group - Not stated,Asian,Misuse of Drugs Act 1971 (section 23),Controlled drugs,Khat or Cannabis warning,True,False
Person and Vehicle search,2020-11-30T05:34:43+00:00,,,51.516934,-0.073543,Male,18-24,Other ethnic group - Not stated,Asian,Misuse of Drugs Act 1971 (section 23),Controlled drugs,Arrest,True,False
Person search,2020-11-30T05:37:23+00:00,,,51.516934,-0.073543,Male,18-24,Other ethnic group - Not stated,Asian,Misuse of Drugs Act 1971 (section 23),Controlled drugs,A no further action disposal,True,False
Person search,2020-11-30T05:40:10+00:00,,,51.516934,-0.073543,Male,18-24,Other ethnic group - Not stated,Asian,Misuse of Drugs Act 1971 (section 23),Controlled drugs,A no further action disposal,True,False
Person search,2020-11-30T05:42:30+00:00,,,51.516934,-0.073543,Male,18-24,Other ethnic group - Not stated,Asian,Misuse of Drugs Act 1971 (section 23),Controlled drugs,A no further action disposal,True,False
Person and Vehicle search,2020-11-30T07:48:36+00:00,,,51.517032,-0.089451,Male,18-24,Asian/Asian British - Any other Asian background,Other,Misuse of Drugs Act 1971 (section 23),Controlled drugs,A no further action disposal,False,False
Person search,2020-11-30T07:55:32+00:00,,,51.517032,-0.089451,Female,18-24,Other ethnic group - Not stated,Other,Misuse of Drugs Act 1971 (section 23),Controlled drugs,A no further action disposal,False,False
Person search,2020-11-30T08:03:33+00:00,,,51.517032,-0.089451,Male,18-24,Other ethnic group - Not stated,Other,Misuse of Drugs Act 1971 (section 23),Controlled drugs,A no further action disposal,False,False
Person search,2020-11-30T08:37:21+00:00,,,51.511053,-0.075722,Male,18-24,White - English/Welsh/Scottish/Northern Irish/British,White,Misuse of Drugs Act 1971 (section 23),Controlled drugs,A no further action disposal,True,False
Person search,2020-11-30T09:10:27+00:00,,,51.511053,-0.075722,Female,18-24,Other ethnic group - Not stated,Black,Misuse of Drugs Act 1971 (section 23),Controlled drugs,A no further action disposal,False,False
Person search,2020-11-30T09:14:26+00:00,,,51.518077,-0.093948,Female,10-17,Other ethnic group - Not stated,Asian,Misuse of Drugs Act 1971 (section 23),Controlled drugs,A no further action disposal,False,False
Person search,2020-11-30T12:35:34+00:00,,,51.516814,-0.081620,Male,25-34,Other ethnic group - Not stated,Asian,Misuse of Drugs Act 1971 (section 23),Controlled drugs,A no further action disposal,False,False
